"DateTime";"Retourtemperatuur [Warmtapwater bwdl Geel] [°C]"
"2023-05-01 00:00:00";19,54
"2023-05-01 00:01:00";19,56
"2023-05-01 00:02:00";19,57
"2023-05-01 00:03:00";19,57
"2023-05-01 00:04:00";19,58
"2023-05-01 00:05:00";19,58
"2023-05-01 00:06:00";19,58
"2023-05-01 00:07:00";19,59
"2023-05-01 00:08:00";19,6
"2023-05-01 00:09:00";19,62
"2023-05-01 00:10:00";19,61
"2023-05-01 00:11:00";19,62
"2023-05-01 00:12:00";19,61
"2023-05-01 00:13:00";19,61
"2023-05-01 00:14:00";19,61
"2023-05-01 00:15:00";19,61
"2023-05-01 00:16:00";19,6
"2023-05-01 00:17:00";19,58
"2023-05-01 00:18:00";19,58
"2023-05-01 00:19:00";19,58
"2023-05-01 00:20:00";19,58
"2023-05-01 00:21:00";19,56
"2023-05-01 00:22:00";19,56
"2023-05-01 00:23:00";19,56
"2023-05-01 00:24:00";19,56
"2023-05-01 00:25:00";19,56
"2023-05-01 00:26:00";19,56
"2023-05-01 00:27:00";19,56
"2023-05-01 00:28:00";19,55
"2023-05-01 00:29:00";19,56
"2023-05-01 00:30:00";19,56
"2023-05-01 00:31:00";19,56
"2023-05-01 00:32:00";19,56
"2023-05-01 00:33:00";19,56
"2023-05-01 00:34:00";19,56
"2023-05-01 00:35:00";19,56
"2023-05-01 00:36:00";19,57
"2023-05-01 00:37:00";19,56
"2023-05-01 00:38:00";19,54
"2023-05-01 00:39:00";19,54
"2023-05-01 00:40:00";19,54
"2023-05-01 00:41:00";19,54
"2023-05-01 00:42:00";19,54
"2023-05-01 00:43:00";19,53
"2023-05-01 00:44:00";19,53
"2023-05-01 00:45:00";19,53
"2023-05-01 00:46:00";19,53
"2023-05-01 00:47:00";19,53
"2023-05-01 00:48:00";19,54
"2023-05-01 00:49:00";19,54
"2023-05-01 00:50:00";19,54
"2023-05-01 00:51:00";19,54
"2023-05-01 00:52:00";19,55
"2023-05-01 00:53:00";19,56
"2023-05-01 00:54:00";19,58
"2023-05-01 00:55:00";19,59
"2023-05-01 00:56:00";19,6
"2023-05-01 00:57:00";19,6
"2023-05-01 00:58:00";19,61
"2023-05-01 00:59:00";19,61
"2023-05-01 01:00:00";19,62
"2023-05-01 01:01:00";19,62
"2023-05-01 01:02:00";19,63
"2023-05-01 01:03:00";19,64
"2023-05-01 01:04:00";19,65
"2023-05-01 01:05:00";19,65
"2023-05-01 01:06:00";19,65
"2023-05-01 01:07:00";19,65
"2023-05-01 01:08:00";19,65
"2023-05-01 01:09:00";19,65
"2023-05-01 01:10:00";19,66
"2023-05-01 01:11:00";19,67
"2023-05-01 01:12:00";19,66
"2023-05-01 01:13:00";19,67
"2023-05-01 01:14:00";19,66
"2023-05-01 01:15:00";19,68
"2023-05-01 01:16:00";19,69
"2023-05-01 01:17:00";19,69
"2023-05-01 01:18:00";19,69
"2023-05-01 01:19:00";19,68
"2023-05-01 01:20:00";19,68
"2023-05-01 01:21:00";19,69
"2023-05-01 01:22:00";19,69
"2023-05-01 01:23:00";19,69
"2023-05-01 01:24:00";19,7
"2023-05-01 01:25:00";19,7
"2023-05-01 01:26:00";19,7
"2023-05-01 01:27:00";19,7
"2023-05-01 01:28:00";19,7
"2023-05-01 01:29:00";19,7
"2023-05-01 01:30:00";19,7
"2023-05-01 01:31:00";19,72
"2023-05-01 01:32:00";19,72
"2023-05-01 01:33:00";19,72
"2023-05-01 01:34:00";19,71
"2023-05-01 01:35:00";19,71
"2023-05-01 01:36:00";19,72
"2023-05-01 01:37:00";19,72
"2023-05-01 01:38:00";19,73
"2023-05-01 01:39:00";19,73
"2023-05-01 01:40:00";19,73
"2023-05-01 01:41:00";19,74
"2023-05-01 01:42:00";19,74
"2023-05-01 01:43:00";19,75
"2023-05-01 01:44:00";19,75
"2023-05-01 01:45:00";19,75
"2023-05-01 01:46:00";19,75
"2023-05-01 01:47:00";19,75
"2023-05-01 01:48:00";19,75
"2023-05-01 01:49:00";19,75
"2023-05-01 01:50:00";19,76
"2023-05-01 01:51:00";19,77
"2023-05-01 01:52:00";19,76
"2023-05-01 01:53:00";19,76
"2023-05-01 01:54:00";19,75
"2023-05-01 01:55:00";19,75
"2023-05-01 01:56:00";19,75
"2023-05-01 01:57:00";19,76
"2023-05-01 01:58:00";19,76
"2023-05-01 01:59:00";19,76
"2023-05-01 02:00:00";19,76
"2023-05-01 02:01:00";19,76
"2023-05-01 02:02:00";19,76
"2023-05-01 02:03:00";19,76
"2023-05-01 02:04:00";19,76
"2023-05-01 02:05:00";19,76
"2023-05-01 02:06:00";19,77
"2023-05-01 02:07:00";19,77
"2023-05-01 02:08:00";19,79
"2023-05-01 02:09:00";19,77
"2023-05-01 02:10:00";19,78
"2023-05-01 02:11:00";19,78
"2023-05-01 02:12:00";19,78
"2023-05-01 02:13:00";19,79
"2023-05-01 02:14:00";19,79
"2023-05-01 02:15:00";19,8
"2023-05-01 02:16:00";19,8
"2023-05-01 02:17:00";19,8
"2023-05-01 02:18:00";19,81
"2023-05-01 02:19:00";19,8
"2023-05-01 02:20:00";19,8
"2023-05-01 02:21:00";19,8
"2023-05-01 02:22:00";19,81
"2023-05-01 02:23:00";19,82
"2023-05-01 02:24:00";19,83
"2023-05-01 02:25:00";19,82
"2023-05-01 02:26:00";19,83
"2023-05-01 02:27:00";19,83
"2023-05-01 02:28:00";19,83
"2023-05-01 02:29:00";19,83
"2023-05-01 02:30:00";19,83
"2023-05-01 02:31:00";19,84
"2023-05-01 02:32:00";19,84
"2023-05-01 02:33:00";19,79
"2023-05-01 02:34:00";19,71
"2023-05-01 02:35:00";19,67
"2023-05-01 02:36:00";19,65
"2023-05-01 02:37:00";19,65
"2023-05-01 02:38:00";19,62
"2023-05-01 02:39:00";19,58
"2023-05-01 02:40:00";19,55
"2023-05-01 02:41:00";19,53
"2023-05-01 02:42:00";19,52
"2023-05-01 02:43:00";19,51
"2023-05-01 02:44:00";19,51
"2023-05-01 02:45:00";19,5
"2023-05-01 02:46:00";19,5
"2023-05-01 02:47:00";19,51
"2023-05-01 02:48:00";19,5
"2023-05-01 02:49:00";19,56
"2023-05-01 02:50:00";19,58
"2023-05-01 02:51:00";19,62
"2023-05-01 02:52:00";19,66
"2023-05-01 02:53:00";19,68
"2023-05-01 02:54:00";19,7
"2023-05-01 02:55:00";19,7
"2023-05-01 02:56:00";19,71
"2023-05-01 02:57:00";19,73
"2023-05-01 02:58:00";19,74
"2023-05-01 02:59:00";19,75
"2023-05-01 03:00:00";19,75
"2023-05-01 03:01:00";19,75
"2023-05-01 03:02:00";19,77
"2023-05-01 03:03:00";19,79
"2023-05-01 03:04:00";19,79
"2023-05-01 03:05:00";19,8
"2023-05-01 03:06:00";19,81
"2023-05-01 03:07:00";19,8
"2023-05-01 03:08:00";19,81
"2023-05-01 03:09:00";19,81
"2023-05-01 03:10:00";19,82
"2023-05-01 03:11:00";19,82
"2023-05-01 03:12:00";19,81
"2023-05-01 03:13:00";19,81
"2023-05-01 03:14:00";19,81
"2023-05-01 03:15:00";19,81
"2023-05-01 03:16:00";19,8
"2023-05-01 03:17:00";19,79
"2023-05-01 03:18:00";19,79
"2023-05-01 03:19:00";19,78
"2023-05-01 03:20:00";19,77
"2023-05-01 03:21:00";19,76
"2023-05-01 03:22:00";19,76
"2023-05-01 03:23:00";19,76
"2023-05-01 03:24:00";19,75
"2023-05-01 03:25:00";19,75
"2023-05-01 03:26:00";19,74
"2023-05-01 03:27:00";19,73
"2023-05-01 03:28:00";19,72
"2023-05-01 03:29:00";19,71
"2023-05-01 03:30:00";19,71
"2023-05-01 03:31:00";19,71
"2023-05-01 03:32:00";19,71
"2023-05-01 03:33:00";19,7
"2023-05-01 03:34:00";19,7
"2023-05-01 03:35:00";19,7
"2023-05-01 03:36:00";19,7
"2023-05-01 03:37:00";19,69
"2023-05-01 03:38:00";19,69
"2023-05-01 03:39:00";19,68
"2023-05-01 03:40:00";19,68
"2023-05-01 03:41:00";19,68
"2023-05-01 03:42:00";19,67
"2023-05-01 03:43:00";19,67
"2023-05-01 03:44:00";19,67
"2023-05-01 03:45:00";19,65
"2023-05-01 03:46:00";19,63
"2023-05-01 03:47:00";19,63
"2023-05-01 03:48:00";19,62
"2023-05-01 03:49:00";19,62
"2023-05-01 03:50:00";19,61
"2023-05-01 03:51:00";19,61
"2023-05-01 03:52:00";19,63
"2023-05-01 03:53:00";19,63
"2023-05-01 03:54:00";19,63
"2023-05-01 03:55:00";19,65
"2023-05-01 03:56:00";19,66
"2023-05-01 03:57:00";19,66
"2023-05-01 03:58:00";19,66
"2023-05-01 03:59:00";19,66
"2023-05-01 04:00:00";19,66
"2023-05-01 04:01:00";19,68
"2023-05-01 04:02:00";19,68
"2023-05-01 04:03:00";19,69
"2023-05-01 04:04:00";19,69
"2023-05-01 04:05:00";19,69
"2023-05-01 04:06:00";21,38
"2023-05-01 04:07:00";21,38
"2023-05-01 04:08:00";27,97
"2023-05-01 04:09:00";22,87
"2023-05-01 04:10:00";44,61
"2023-05-01 04:11:00";43,65
"2023-05-01 04:12:00";51,48
"2023-05-01 04:13:00";28,26
"2023-05-01 04:14:00";27,19
"2023-05-01 04:15:00";27,49
"2023-05-01 04:16:00";27,49
"2023-05-01 04:17:00";27,72
"2023-05-01 04:18:00";27,64
"2023-05-01 04:19:00";27,55
"2023-05-01 04:20:00";27,49
"2023-05-01 04:21:00";27,7
"2023-05-01 04:22:00";28,25
"2023-05-01 04:23:00";28,75
"2023-05-01 04:24:00";29,24
"2023-05-01 04:25:00";29,24
"2023-05-01 04:26:00";29,7
"2023-05-01 04:27:00";30,26
"2023-05-01 04:28:00";30,88
"2023-05-01 04:29:00";31,31
"2023-05-01 04:30:00";32,53
"2023-05-01 04:31:00";33,34
"2023-05-01 04:32:00";35,42
"2023-05-01 04:33:00";36,54
"2023-05-01 04:34:00";36,54
"2023-05-01 04:35:00";36,22
"2023-05-01 04:36:00";37,13
"2023-05-01 04:37:00";38,95
"2023-05-01 04:38:00";39,87
"2023-05-01 04:39:00";40,84
"2023-05-01 04:40:00";41,83
"2023-05-01 04:41:00";42,75
"2023-05-01 04:42:00";43,76
"2023-05-01 04:43:00";43,76
"2023-05-01 04:44:00";44,39
"2023-05-01 04:45:00";44,93
"2023-05-01 04:46:00";45,94
"2023-05-01 04:47:00";46,79
"2023-05-01 04:48:00";49,46
"2023-05-01 04:49:00";51,35
"2023-05-01 04:50:00";51,57
"2023-05-01 04:51:00";51,57
"2023-05-01 04:52:00";51,9
"2023-05-01 04:53:00";51,99
"2023-05-01 04:54:00";51,75
"2023-05-01 04:55:00";52,27
"2023-05-01 04:56:00";52,6
"2023-05-01 04:57:00";52,72
"2023-05-01 04:58:00";52,66
"2023-05-01 04:59:00";57,35
"2023-05-01 05:00:00";57,35
"2023-05-01 05:01:00";57,43
"2023-05-01 05:02:00";57,58
"2023-05-01 05:03:00";57,64
"2023-05-01 05:04:00";57,7
"2023-05-01 05:05:00";57,73
"2023-05-01 05:06:00";57,78
"2023-05-01 05:07:00";57,81
"2023-05-01 05:08:00";57,77
"2023-05-01 05:09:00";57,77
"2023-05-01 05:10:00";57,77
"2023-05-01 05:11:00";57,81
"2023-05-01 05:12:00";57,79
"2023-05-01 05:13:00";57,81
"2023-05-01 05:14:00";57,8
"2023-05-01 05:15:00";57,63
"2023-05-01 05:16:00";56,66
"2023-05-01 05:17:00";55,75
"2023-05-01 05:18:00";55,75
"2023-05-01 05:19:00";55,46
"2023-05-01 05:20:00";54,78
"2023-05-01 05:21:00";54,24
"2023-05-01 05:22:00";53,67
"2023-05-01 05:23:00";53,17
"2023-05-01 05:24:00";52,51
"2023-05-01 05:25:00";52,16
"2023-05-01 05:26:00";51,44
"2023-05-01 05:27:00";51,44
"2023-05-01 05:28:00";51,1
"2023-05-01 05:29:00";50,78
"2023-05-01 05:30:00";50,49
"2023-05-01 05:31:00";50,17
"2023-05-01 05:32:00";49,89
"2023-05-01 05:33:00";49,6
"2023-05-01 05:34:00";49,3
"2023-05-01 05:35:00";49,01
"2023-05-01 05:36:00";49,01
"2023-05-01 05:37:00";48,72
"2023-05-01 05:38:00";48,44
"2023-05-01 05:39:00";48,15
"2023-05-01 05:40:00";47,85
"2023-05-01 05:41:00";47,58
"2023-05-01 05:42:00";47,28
"2023-05-01 05:43:00";47
"2023-05-01 05:44:00";46,49
"2023-05-01 05:45:00";46,49
"2023-05-01 05:46:00";46,25
"2023-05-01 05:47:00";46,03
"2023-05-01 05:48:00";45,81
"2023-05-01 05:49:00";45,61
"2023-05-01 05:50:00";45,42
"2023-05-01 05:51:00";45,23
"2023-05-01 05:52:00";45,04
"2023-05-01 05:53:00";44,85
"2023-05-01 05:54:00";44,85
"2023-05-01 05:55:00";44,66
"2023-05-01 05:56:00";44,48
"2023-05-01 05:57:00";44,29
"2023-05-01 05:58:00";44,12
"2023-05-01 05:59:00";43,95
"2023-05-01 06:00:00";43,78
"2023-05-01 06:01:00";43,59
"2023-05-01 06:02:00";43,29
"2023-05-01 06:03:00";43,29
"2023-05-01 06:04:00";43,14
"2023-05-01 06:05:00";42,98
"2023-05-01 06:06:00";42,84
"2023-05-01 06:07:00";42,7
"2023-05-01 06:08:00";42,57
"2023-05-01 06:09:00";42,57
"2023-05-01 06:10:00";42,43
"2023-05-01 06:11:00";42,17
"2023-05-01 06:12:00";42,17
"2023-05-01 06:13:00";42,04
"2023-05-01 06:14:00";41,93
"2023-05-01 06:15:00";41,8
"2023-05-01 06:16:00";41,69
"2023-05-01 06:17:00";41,56
"2023-05-01 06:18:00";41,45
"2023-05-01 06:19:00";41,33
"2023-05-01 06:20:00";41,22
"2023-05-01 06:21:00";41,09
"2023-05-01 06:22:00";40,97
"2023-05-01 06:23:00";40,86
"2023-05-01 06:24:00";40,76
"2023-05-01 06:25:00";40,76
"2023-05-01 06:26:00";40,63
"2023-05-01 06:27:00";40,53
"2023-05-01 06:28:00";40,41
"2023-05-01 06:29:00";40,29
"2023-05-01 06:30:00";40,16
"2023-05-01 06:31:00";40,05
"2023-05-01 06:32:00";39,94
"2023-05-01 06:33:00";39,82
"2023-05-01 06:34:00";39,71
"2023-05-01 06:35:00";39,61
"2023-05-01 06:36:00";39,5
"2023-05-01 06:37:00";39,39
"2023-05-01 06:38:00";39,28
"2023-05-01 06:39:00";39,16
"2023-05-01 06:40:00";39,07
"2023-05-01 06:41:00";38,96
"2023-05-01 06:42:00";38,96
"2023-05-01 06:43:00";38,85
"2023-05-01 06:44:00";38,72
"2023-05-01 06:45:00";38,62
"2023-05-01 06:46:00";38,51
"2023-05-01 06:47:00";38,4
"2023-05-01 06:48:00";38,29
"2023-05-01 06:49:00";38,17
"2023-05-01 06:50:00";38,07
"2023-05-01 06:51:00";37,97
"2023-05-01 06:52:00";37,85
"2023-05-01 06:53:00";37,76
"2023-05-01 06:54:00";37,66
"2023-05-01 06:55:00";37,56
"2023-05-01 06:56:00";37,47
"2023-05-01 06:57:00";37,36
"2023-05-01 06:58:00";37,36
"2023-05-01 06:59:00";37,23
"2023-05-01 07:00:00";37,14
"2023-05-01 07:01:00";37,03
"2023-05-01 07:02:00";36,94
"2023-05-01 07:03:00";36,82
"2023-05-01 07:04:00";36,73
"2023-05-01 07:05:00";36,62
"2023-05-01 07:06:00";36,51
"2023-05-01 07:07:00";36,4
"2023-05-01 07:08:00";36,22
"2023-05-01 07:09:00";36
"2023-05-01 07:10:00";35,76
"2023-05-01 07:11:00";35,65
"2023-05-01 07:12:00";35,52
"2023-05-01 07:13:00";35,26
"2023-05-01 07:14:00";50,73
"2023-05-01 07:15:00";33,59
"2023-05-01 07:16:00";40,2
"2023-05-01 07:17:00";49,07
"2023-05-01 07:18:00";60,51
"2023-05-01 07:19:00";67,42
"2023-05-01 07:20:00";65,56
"2023-05-01 07:21:00";55,91
"2023-05-01 07:22:00";56,1
"2023-05-01 07:23:00";57,16
"2023-05-01 07:24:00";57,32
"2023-05-01 07:25:00";57,38
"2023-05-01 07:26:00";51,7
"2023-05-01 07:27:00";57,24
"2023-05-01 07:28:00";57,18
"2023-05-01 07:29:00";28,28
"2023-05-01 07:30:00";22,61
"2023-05-01 07:31:00";30,62
"2023-05-01 07:32:00";31,03
"2023-05-01 07:33:00";46,45
"2023-05-01 07:34:00";54,62
"2023-05-01 07:35:00";55,76
"2023-05-01 07:36:00";50,83
"2023-05-01 07:37:00";55,93
"2023-05-01 07:38:00";41,01
"2023-05-01 07:39:00";55,57
"2023-05-01 07:40:00";56,28
"2023-05-01 07:41:00";56,64
"2023-05-01 07:42:00";56,74
"2023-05-01 07:43:00";56,77
"2023-05-01 07:44:00";57,08
"2023-05-01 07:45:00";57,14
"2023-05-01 07:46:00";57,26
"2023-05-01 07:47:00";57,3
"2023-05-01 07:48:00";57,38
"2023-05-01 07:49:00";57,54
"2023-05-01 07:50:00";57,26
"2023-05-01 07:51:00";57,6
"2023-05-01 07:52:00";57,75
"2023-05-01 07:53:00";57,91
"2023-05-01 07:54:00";58,48
"2023-05-01 07:55:00";59,31
"2023-05-01 07:56:00";59,39
"2023-05-01 07:57:00";58,99
"2023-05-01 07:58:00";58,89
"2023-05-01 07:59:00";51,02
"2023-05-01 08:00:00";51,69
"2023-05-01 08:01:00";52,47
"2023-05-01 08:02:00";52,12
"2023-05-01 08:03:00";24,35
"2023-05-01 08:04:00";47,82
"2023-05-01 08:05:00";51,68
"2023-05-01 08:06:00";56,12
"2023-05-01 08:07:00";56,12
"2023-05-01 08:08:00";56,98
"2023-05-01 08:09:00";57,34
"2023-05-01 08:10:00";57,43
"2023-05-01 08:11:00";57,88
"2023-05-01 08:12:00";57,85
"2023-05-01 08:13:00";57,62
"2023-05-01 08:14:00";57,64
"2023-05-01 08:15:00";23,9
"2023-05-01 08:16:00";22,06
"2023-05-01 08:17:00";29,34
"2023-05-01 08:18:00";44,74
"2023-05-01 08:19:00";54,36
"2023-05-01 08:20:00";56,53
"2023-05-01 08:21:00";56,93
"2023-05-01 08:22:00";57,66
"2023-05-01 08:23:00";58,62
"2023-05-01 08:24:00";58,48
"2023-05-01 08:25:00";58,9
"2023-05-01 08:26:00";48,78
"2023-05-01 08:27:00";59,14
"2023-05-01 08:28:00";58,92
"2023-05-01 08:29:00";57,05
"2023-05-01 08:30:00";59,33
"2023-05-01 08:31:00";59,72
"2023-05-01 08:32:00";60,33
"2023-05-01 08:33:00";60,42
"2023-05-01 08:34:00";60,65
"2023-05-01 08:35:00";60,65
"2023-05-01 08:36:00";54,62
"2023-05-01 08:37:00";59,4
"2023-05-01 08:38:00";57,57
"2023-05-01 08:39:00";44
"2023-05-01 08:40:00";60,45
"2023-05-01 08:41:00";60,49
"2023-05-01 08:42:00";60,65
"2023-05-01 08:43:00";60,77
"2023-05-01 08:44:00";60,77
"2023-05-01 08:45:00";60,78
"2023-05-01 08:46:00";61,31
"2023-05-01 08:47:00";61,4
"2023-05-01 08:48:00";61,24
"2023-05-01 08:49:00";60,71
"2023-05-01 08:50:00";60,46
"2023-05-01 08:51:00";61,42
"2023-05-01 08:52:00";56,14
"2023-05-01 08:53:00";56,14
"2023-05-01 08:54:00";56,74
"2023-05-01 08:55:00";60,35
"2023-05-01 08:56:00";60,94
"2023-05-01 08:57:00";60,77
"2023-05-01 08:58:00";52,34
"2023-05-01 08:59:00";61,18
"2023-05-01 09:00:00";61,88
"2023-05-01 09:01:00";62,9
"2023-05-01 09:02:00";62,9
"2023-05-01 09:03:00";63,28
"2023-05-01 09:04:00";62,17
"2023-05-01 09:05:00";61,69
"2023-05-01 09:06:00";41,98
"2023-05-01 09:07:00";58,32
"2023-05-01 09:08:00";57,01
"2023-05-01 09:09:00";56,08
"2023-05-01 09:10:00";55,4
"2023-05-01 09:11:00";55,4
"2023-05-01 09:12:00";55,08
"2023-05-01 09:13:00";54,25
"2023-05-01 09:14:00";53,84
"2023-05-01 09:15:00";53,33
"2023-05-01 09:16:00";52,8
"2023-05-01 09:17:00";52,26
"2023-05-01 09:18:00";51,77
"2023-05-01 09:19:00";51,24
"2023-05-01 09:20:00";51,24
"2023-05-01 09:21:00";50,7
"2023-05-01 09:22:00";49,55
"2023-05-01 09:23:00";48,94
"2023-05-01 09:24:00";48,38
"2023-05-01 09:25:00";48,04
"2023-05-01 09:26:00";47,68
"2023-05-01 09:27:00";47,3
"2023-05-01 09:28:00";46,98
"2023-05-01 09:29:00";46,98
"2023-05-01 09:30:00";46,68
"2023-05-01 09:31:00";46,46
"2023-05-01 09:32:00";46
"2023-05-01 09:33:00";45,8
"2023-05-01 09:34:00";45,57
"2023-05-01 09:35:00";45,39
"2023-05-01 09:36:00";45,2
"2023-05-01 09:37:00";45,09
"2023-05-01 09:38:00";45,09
"2023-05-01 09:39:00";45,07
"2023-05-01 09:40:00";44,74
"2023-05-01 09:41:00";44,66
"2023-05-01 09:42:00";44,55
"2023-05-01 09:43:00";44,5
"2023-05-01 09:44:00";44,51
"2023-05-01 09:45:00";44,56
"2023-05-01 09:46:00";44,54
"2023-05-01 09:47:00";44,54
"2023-05-01 09:48:00";44,49
"2023-05-01 09:49:00";44,51
"2023-05-01 09:50:00";44,59
"2023-05-01 09:51:00";44,63
"2023-05-01 09:52:00";44,68
"2023-05-01 09:53:00";44,68
"2023-05-01 09:54:00";44,7
"2023-05-01 09:55:00";44,7
"2023-05-01 09:56:00";44,7
"2023-05-01 09:57:00";44,76
"2023-05-01 09:58:00";44,91
"2023-05-01 09:59:00";44,92
"2023-05-01 10:00:00";56,05
"2023-05-01 10:01:00";34,7
"2023-05-01 10:02:00";35,22
"2023-05-01 10:03:00";50,94
"2023-05-01 10:04:00";60,51
"2023-05-01 10:05:00";40,07
"2023-05-01 10:06:00";41,91
"2023-05-01 10:07:00";48
"2023-05-01 10:08:00";57,3
"2023-05-01 10:09:00";60,15
"2023-05-01 10:10:00";61,92
"2023-05-01 10:11:00";62,38
"2023-05-01 10:12:00";39,39
"2023-05-01 10:13:00";61,77
"2023-05-01 10:14:00";62,3
"2023-05-01 10:15:00";62,64
"2023-05-01 10:16:00";56,92
"2023-05-01 10:17:00";26,72
"2023-05-01 10:18:00";21,72
"2023-05-01 10:19:00";37,98
"2023-05-01 10:20:00";50,65
"2023-05-01 10:21:00";32,35
"2023-05-01 10:22:00";44,24
"2023-05-01 10:23:00";56,38
"2023-05-01 10:24:00";48,88
"2023-05-01 10:25:00";61,1
"2023-05-01 10:26:00";23,71
"2023-05-01 10:27:00";52,13
"2023-05-01 10:28:00";59,03
"2023-05-01 10:29:00";60,17
"2023-05-01 10:30:00";57,31
"2023-05-01 10:31:00";56,05
"2023-05-01 10:32:00";48,42
"2023-05-01 10:33:00";61,49
"2023-05-01 10:34:00";61,76
"2023-05-01 10:35:00";56,34
"2023-05-01 10:36:00";61,44
"2023-05-01 10:37:00";61,98
"2023-05-01 10:38:00";62,2
"2023-05-01 10:39:00";60,85
"2023-05-01 10:40:00";61,63
"2023-05-01 10:41:00";62,14
"2023-05-01 10:42:00";62,05
"2023-05-01 10:43:00";61,96
"2023-05-01 10:44:00";61,32
"2023-05-01 10:45:00";61,83
"2023-05-01 10:46:00";55,21
"2023-05-01 10:47:00";55,34
"2023-05-01 10:48:00";59,95
"2023-05-01 10:49:00";61,66
"2023-05-01 10:50:00";61,8
"2023-05-01 10:51:00";60,6
"2023-05-01 10:52:00";60,73
"2023-05-01 10:53:00";61,04
"2023-05-01 10:54:00";57
"2023-05-01 10:55:00";59,63
"2023-05-01 10:56:00";59,64
"2023-05-01 10:57:00";61,4
"2023-05-01 10:58:00";61,26
"2023-05-01 10:59:00";61,49
"2023-05-01 11:00:00";61,11
"2023-05-01 11:01:00";61,75
"2023-05-01 11:02:00";59,79
"2023-05-01 11:03:00";61,71
"2023-05-01 11:04:00";60,98
"2023-05-01 11:05:00";61,64
"2023-05-01 11:06:00";60,69
"2023-05-01 11:07:00";61,7
"2023-05-01 11:08:00";60,92
"2023-05-01 11:09:00";60,81
"2023-05-01 11:10:00";61,24
"2023-05-01 11:11:00";61,37
"2023-05-01 11:12:00";60,83
"2023-05-01 11:13:00";61,72
"2023-05-01 11:14:00";61,64
"2023-05-01 11:15:00";61,67
"2023-05-01 11:16:00";60,16
"2023-05-01 11:17:00";61,32
"2023-05-01 11:18:00";61,31
"2023-05-01 11:19:00";61,38
"2023-05-01 11:20:00";61,64
"2023-05-01 11:21:00";61,72
"2023-05-01 11:22:00";61,64
"2023-05-01 11:23:00";61,73
"2023-05-01 11:24:00";61,41
"2023-05-01 11:25:00";61,54
"2023-05-01 11:26:00";61,66
"2023-05-01 11:27:00";61,28
"2023-05-01 11:28:00";61,92
"2023-05-01 11:29:00";61,35
"2023-05-01 11:30:00";61,38
"2023-05-01 11:31:00";61,91
"2023-05-01 11:32:00";61,34
"2023-05-01 11:33:00";61,99
"2023-05-01 11:34:00";61,86
"2023-05-01 11:35:00";61,62
"2023-05-01 11:36:00";61,65
"2023-05-01 11:37:00";60,62
"2023-05-01 11:38:00";57,85
"2023-05-01 11:39:00";40,37
"2023-05-01 11:40:00";61
"2023-05-01 11:41:00";61,41
"2023-05-01 11:42:00";61
"2023-05-01 11:43:00";61,42
"2023-05-01 11:44:00";62,16
"2023-05-01 11:45:00";58,53
"2023-05-01 11:46:00";61,92
"2023-05-01 11:47:00";62,89
"2023-05-01 11:48:00";63,36
"2023-05-01 11:49:00";63,39
"2023-05-01 11:50:00";61,64
"2023-05-01 11:51:00";62,39
"2023-05-01 11:52:00";57,19
"2023-05-01 11:53:00";56,55
"2023-05-01 11:54:00";56,01
"2023-05-01 11:55:00";55,5
"2023-05-01 11:56:00";54,87
"2023-05-01 11:57:00";54,33
"2023-05-01 11:58:00";53,98
"2023-05-01 11:59:00";53,58
"2023-05-01 12:00:00";52,81
"2023-05-01 12:01:00";52,81
"2023-05-01 12:02:00";52,44
"2023-05-01 12:03:00";52,09
"2023-05-01 12:04:00";51,77
"2023-05-01 12:05:00";51,45
"2023-05-01 12:06:00";51,16
"2023-05-01 12:07:00";50,84
"2023-05-01 12:08:00";50,55
"2023-05-01 12:09:00";50,26
"2023-05-01 12:10:00";49,96
"2023-05-01 12:11:00";49,63
"2023-05-01 12:12:00";49,3
"2023-05-01 12:13:00";48,97
"2023-05-01 12:14:00";48,64
"2023-05-01 12:15:00";48,25
"2023-05-01 12:16:00";47,85
"2023-05-01 12:17:00";47,85
"2023-05-01 12:18:00";47,52
"2023-05-01 12:19:00";47,24
"2023-05-01 12:20:00";47,01
"2023-05-01 12:21:00";46,82
"2023-05-01 12:22:00";46,66
"2023-05-01 12:23:00";46,5
"2023-05-01 12:24:00";46,36
"2023-05-01 12:25:00";46,27
"2023-05-01 12:26:00";46,24
"2023-05-01 12:27:00";46,07
"2023-05-01 12:28:00";45,97
"2023-05-01 12:29:00";45,96
"2023-05-01 12:30:00";45,85
"2023-05-01 12:31:00";45,77
"2023-05-01 12:32:00";45,78
"2023-05-01 12:33:00";45,75
"2023-05-01 12:34:00";45,83
"2023-05-01 12:35:00";45,92
"2023-05-01 12:36:00";46,04
"2023-05-01 12:37:00";46,06
"2023-05-01 12:38:00";46,02
"2023-05-01 12:39:00";46,09
"2023-05-01 12:40:00";46,17
"2023-05-01 12:41:00";46,25
"2023-05-01 12:42:00";46,31
"2023-05-01 12:43:00";46,3
"2023-05-01 12:44:00";46,31
"2023-05-01 12:45:00";46,4
"2023-05-01 12:46:00";46,52
"2023-05-01 12:47:00";46,84
"2023-05-01 12:48:00";47,35
"2023-05-01 12:49:00";47,78
"2023-05-01 12:50:00";48,02
"2023-05-01 12:51:00";47,96
"2023-05-01 12:52:00";47,93
"2023-05-01 12:53:00";47,86
"2023-05-01 12:54:00";48,1
"2023-05-01 12:55:00";48,43
"2023-05-01 12:56:00";48,48
"2023-05-01 12:57:00";48,41
"2023-05-01 12:58:00";48,31
"2023-05-01 12:59:00";48,09
"2023-05-01 13:00:00";47,59
"2023-05-01 13:01:00";47,09
"2023-05-01 13:02:00";46,48
"2023-05-01 13:03:00";45,79
"2023-05-01 13:04:00";44,97
"2023-05-01 13:05:00";43,94
"2023-05-01 13:06:00";43,08
"2023-05-01 13:07:00";42,17
"2023-05-01 13:08:00";41,32
"2023-05-01 13:09:00";40,61
"2023-05-01 13:10:00";39,76
"2023-05-01 13:11:00";39,3
"2023-05-01 13:12:00";38,79
"2023-05-01 13:13:00";38,24
"2023-05-01 13:14:00";37,47
"2023-05-01 13:15:00";37,03
"2023-05-01 13:16:00";36,01
"2023-05-01 13:17:00";28,11
"2023-05-01 13:18:00";19,38
"2023-05-01 13:19:00";19,21
"2023-05-01 13:20:00";21,38
"2023-05-01 13:21:00";30,96
"2023-05-01 13:22:00";44,43
"2023-05-01 13:23:00";50,62
"2023-05-01 13:24:00";47,46
"2023-05-01 13:25:00";25,37
"2023-05-01 13:26:00";20,17
"2023-05-01 13:27:00";19,64
"2023-05-01 13:28:00";19,83
"2023-05-01 13:29:00";20,02
"2023-05-01 13:30:00";19,67
"2023-05-01 13:31:00";20,15
"2023-05-01 13:32:00";19,61
"2023-05-01 13:33:00";19,35
"2023-05-01 13:34:00";19,34
"2023-05-01 13:35:00";19,28
"2023-05-01 13:36:00";19,61
"2023-05-01 13:37:00";19,84
"2023-05-01 13:38:00";19,97
"2023-05-01 13:39:00";18,98
"2023-05-01 13:40:00";22,12
"2023-05-01 13:41:00";20,57
"2023-05-01 13:42:00";19,32
"2023-05-01 13:43:00";30,87
"2023-05-01 13:44:00";18,47
"2023-05-01 13:45:00";21,32
"2023-05-01 13:46:00";24,55
"2023-05-01 13:47:00";25,73
"2023-05-01 13:48:00";24,92
"2023-05-01 13:49:00";33,59
"2023-05-01 13:50:00";24,29
"2023-05-01 13:51:00";29,1
"2023-05-01 13:52:00";30
"2023-05-01 13:53:00";19,79
"2023-05-01 13:54:00";19,1
"2023-05-01 13:55:00";21,59
"2023-05-01 13:56:00";21,5
"2023-05-01 13:57:00";23,24
"2023-05-01 13:58:00";50,46
"2023-05-01 13:59:00";52,74
"2023-05-01 14:00:00";60,54
"2023-05-01 14:01:00";50,64
"2023-05-01 14:02:00";52,52
"2023-05-01 14:03:00";39,69
"2023-05-01 14:04:00";30,76
"2023-05-01 14:05:00";39,5
"2023-05-01 14:06:00";28,58
"2023-05-01 14:07:00";19,31
"2023-05-01 14:08:00";18,93
"2023-05-01 14:09:00";23,98
"2023-05-01 14:10:00";19,2
"2023-05-01 14:11:00";35,01
"2023-05-01 14:12:00";31,13
"2023-05-01 14:13:00";32,25
"2023-05-01 14:14:00";40,96
"2023-05-01 14:15:00";35,56
"2023-05-01 14:16:00";35,56
"2023-05-01 14:17:00";59,36
"2023-05-01 14:18:00";58,22
"2023-05-01 14:19:00";59,34
"2023-05-01 14:20:00";59,4
"2023-05-01 14:21:00";25,57
"2023-05-01 14:22:00";29,89
"2023-05-01 14:23:00";19,3
"2023-05-01 14:24:00";27,12
"2023-05-01 14:25:00";27,12
"2023-05-01 14:26:00";44,37
"2023-05-01 14:27:00";41,58
"2023-05-01 14:28:00";48,12
"2023-05-01 14:29:00";45,57
"2023-05-01 14:30:00";29,56
"2023-05-01 14:31:00";36,62
"2023-05-01 14:32:00";57,77
"2023-05-01 14:33:00";58,43
"2023-05-01 14:34:00";58,43
"2023-05-01 14:35:00";52,26
"2023-05-01 14:36:00";28,13
"2023-05-01 14:37:00";28,13
"2023-05-01 14:38:00";47,16
"2023-05-01 14:39:00";56,99
"2023-05-01 14:40:00";51,98
"2023-05-01 14:41:00";58,15
"2023-05-01 14:42:00";57,59
"2023-05-01 14:43:00";57,59
"2023-05-01 14:44:00";56,5
"2023-05-01 14:45:00";58,29
"2023-05-01 14:46:00";58,17
"2023-05-01 14:47:00";58,35
"2023-05-01 14:48:00";58,09
"2023-05-01 14:49:00";58,08
"2023-05-01 14:50:00";58,53
"2023-05-01 14:51:00";58,53
"2023-05-01 14:52:00";42,14
"2023-05-01 14:53:00";24,88
"2023-05-01 14:54:00";24,88
"2023-05-01 14:55:00";46,77
"2023-05-01 14:56:00";46,77
"2023-05-01 14:57:00";53,18
"2023-05-01 14:58:00";56,46
"2023-05-01 14:59:00";55,48
"2023-05-01 15:00:00";55,48
"2023-05-01 15:01:00";57,12
"2023-05-01 15:02:00";57
"2023-05-01 15:03:00";57
"2023-05-01 15:04:00";56,87
"2023-05-01 15:05:00";56,87
"2023-05-01 15:06:00";57,72
"2023-05-01 15:07:00";23,33
"2023-05-01 15:08:00";20,93
"2023-05-01 15:09:00";20,93
"2023-05-01 15:10:00";22,82
"2023-05-01 15:11:00";28,25
"2023-05-01 15:12:00";28,25
"2023-05-01 15:13:00";22,3
"2023-05-01 15:14:00";53,28
"2023-05-01 15:15:00";56,01
"2023-05-01 15:16:00";56,12
"2023-05-01 15:17:00";51,26
"2023-05-01 15:18:00";51,26
"2023-05-01 15:19:00";53,48
"2023-05-01 15:20:00";56,69
"2023-05-01 15:21:00";29,57
"2023-05-01 15:22:00";20,19
"2023-05-01 15:23:00";19,41
"2023-05-01 15:24:00";23,86
"2023-05-01 15:25:00";25,21
"2023-05-01 15:26:00";32,34
"2023-05-01 15:27:00";32,34
"2023-05-01 15:28:00";49,43
"2023-05-01 15:29:00";54,71
"2023-05-01 15:30:00";55,62
"2023-05-01 15:31:00";56,16
"2023-05-01 15:32:00";55,78
"2023-05-01 15:33:00";56,72
"2023-05-01 15:34:00";56,79
"2023-05-01 15:35:00";56,88
"2023-05-01 15:36:00";56,88
"2023-05-01 15:37:00";57,24
"2023-05-01 15:38:00";57,28
"2023-05-01 15:39:00";57,34
"2023-05-01 15:40:00";57,34
"2023-05-01 15:41:00";57,64
"2023-05-01 15:42:00";57,26
"2023-05-01 15:43:00";57,28
"2023-05-01 15:44:00";57,82
"2023-05-01 15:45:00";57,82
"2023-05-01 15:46:00";57,28
"2023-05-01 15:47:00";57,82
"2023-05-01 15:48:00";57,9
"2023-05-01 15:49:00";57,78
"2023-05-01 15:50:00";57,94
"2023-05-01 15:51:00";58,05
"2023-05-01 15:52:00";58,03
"2023-05-01 15:53:00";58,17
"2023-05-01 15:54:00";58,17
"2023-05-01 15:55:00";56,91
"2023-05-01 15:56:00";57,95
"2023-05-01 15:57:00";57,62
"2023-05-01 15:58:00";58,17
"2023-05-01 15:59:00";58,04
"2023-05-01 16:00:00";58,22
"2023-05-01 16:01:00";57,46
"2023-05-01 16:02:00";58,34
"2023-05-01 16:03:00";58,34
"2023-05-01 16:04:00";57,93
"2023-05-01 16:05:00";57,73
"2023-05-01 16:06:00";58,39
"2023-05-01 16:07:00";57,81
"2023-05-01 16:08:00";58,19
"2023-05-01 16:09:00";57,98
"2023-05-01 16:10:00";58,35
"2023-05-01 16:11:00";58,21
"2023-05-01 16:12:00";58,21
"2023-05-01 16:13:00";58,41
"2023-05-01 16:14:00";58,49
"2023-05-01 16:15:00";58,34
"2023-05-01 16:16:00";58,39
"2023-05-01 16:17:00";58,04
"2023-05-01 16:18:00";58,45
"2023-05-01 16:19:00";58,36
"2023-05-01 16:20:00";58,48
"2023-05-01 16:21:00";58,48
"2023-05-01 16:22:00";58,52
"2023-05-01 16:23:00";58
"2023-05-01 16:24:00";54,41
"2023-05-01 16:25:00";54,69
"2023-05-01 16:26:00";57,32
"2023-05-01 16:27:00";58,09
"2023-05-01 16:28:00";58,57
"2023-05-01 16:29:00";58,72
"2023-05-01 16:30:00";58,72
"2023-05-01 16:31:00";58,66
"2023-05-01 16:32:00";57,81
"2023-05-01 16:33:00";44,74
"2023-05-01 16:34:00";22,14
"2023-05-01 16:35:00";55,4
"2023-05-01 16:36:00";57,25
"2023-05-01 16:37:00";56,82
"2023-05-01 16:38:00";57,97
"2023-05-01 16:39:00";58,08
"2023-05-01 16:40:00";58,29
"2023-05-01 16:41:00";58,61
"2023-05-01 16:42:00";58,3
"2023-05-01 16:43:00";53,71
"2023-05-01 16:44:00";54,1
"2023-05-01 16:45:00";53,94
"2023-05-01 16:46:00";53,83
"2023-05-01 16:47:00";54,26
"2023-05-01 16:48:00";54,19
"2023-05-01 16:49:00";55,69
"2023-05-01 16:50:00";60,29
"2023-05-01 16:51:00";60,7
"2023-05-01 16:52:00";61,04
"2023-05-01 16:53:00";61,33
"2023-05-01 16:54:00";62,1
"2023-05-01 16:55:00";62,47
"2023-05-01 16:56:00";63,01
"2023-05-01 16:57:00";63,38
"2023-05-01 16:58:00";62,61
"2023-05-01 16:59:00";62,61
"2023-05-01 17:00:00";62,03
"2023-05-01 17:01:00";62,12
"2023-05-01 17:02:00";61,45
"2023-05-01 17:03:00";60,77
"2023-05-01 17:04:00";59,86
"2023-05-01 17:05:00";59,23
"2023-05-01 17:06:00";58,42
"2023-05-01 17:07:00";58,02
"2023-05-01 17:08:00";57,65
"2023-05-01 17:09:00";57,25
"2023-05-01 17:10:00";56,82
"2023-05-01 17:11:00";56,39
"2023-05-01 17:12:00";56
"2023-05-01 17:13:00";55,73
"2023-05-01 17:14:00";55,26
"2023-05-01 17:15:00";55,05
"2023-05-01 17:16:00";54,77
"2023-05-01 17:17:00";54,63
"2023-05-01 17:18:00";54,35
"2023-05-01 17:19:00";54,14
"2023-05-01 17:20:00";53,96
"2023-05-01 17:21:00";53,71
"2023-05-01 17:22:00";53,44
"2023-05-01 17:23:00";53,35
"2023-05-01 17:24:00";53,23
"2023-05-01 17:25:00";52,99
"2023-05-01 17:26:00";52,89
"2023-05-01 17:27:00";52,75
"2023-05-01 17:28:00";52,56
"2023-05-01 17:29:00";52,49
"2023-05-01 17:30:00";52,3
"2023-05-01 17:31:00";52,23
"2023-05-01 17:32:00";52,21
"2023-05-01 17:33:00";52,21
"2023-05-01 17:34:00";52,15
"2023-05-01 17:35:00";52,08
"2023-05-01 17:36:00";51,98
"2023-05-01 17:37:00";51,86
"2023-05-01 17:38:00";51,77
"2023-05-01 17:39:00";51,66
"2023-05-01 17:40:00";51,56
"2023-05-01 17:41:00";51,44
"2023-05-01 17:42:00";51,31
"2023-05-01 17:43:00";51,21
"2023-05-01 17:44:00";51,1
"2023-05-01 17:45:00";50,95
"2023-05-01 17:46:00";50,85
"2023-05-01 17:47:00";50,71
"2023-05-01 17:48:00";50,64
"2023-05-01 17:49:00";50,43
"2023-05-01 17:50:00";50,31
"2023-05-01 17:51:00";50,15
"2023-05-01 17:52:00";50,01
"2023-05-01 17:53:00";50,01
"2023-05-01 17:54:00";49,86
"2023-05-01 17:55:00";49,71
"2023-05-01 17:56:00";49,57
"2023-05-01 17:57:00";49,4
"2023-05-01 17:58:00";49,27
"2023-05-01 17:59:00";49,12
"2023-05-01 18:00:00";48,97
"2023-05-01 18:01:00";48,83
"2023-05-01 18:02:00";48,68
"2023-05-01 18:03:00";48,54
"2023-05-01 18:04:00";48,39
"2023-05-01 18:05:00";48,24
"2023-05-01 18:06:00";48,09
"2023-05-01 18:07:00";47,96
"2023-05-01 18:08:00";47,81
"2023-05-01 18:09:00";47,81
"2023-05-01 18:10:00";47,65
"2023-05-01 18:11:00";47,51
"2023-05-01 18:12:00";47,37
"2023-05-01 18:13:00";47,23
"2023-05-01 18:14:00";47,23
"2023-05-01 18:15:00";47
"2023-05-01 18:16:00";46,86
"2023-05-01 18:17:00";46,72
"2023-05-01 18:18:00";46,57
"2023-05-01 18:19:00";46,42
"2023-05-01 18:20:00";46,27
"2023-05-01 18:21:00";46,13
"2023-05-01 18:22:00";46,01
"2023-05-01 18:23:00";45,88
"2023-05-01 18:24:00";45,75
"2023-05-01 18:25:00";45,63
"2023-05-01 18:26:00";45,63
"2023-05-01 18:27:00";45,5
"2023-05-01 18:28:00";45,5
"2023-05-01 18:29:00";45,26
"2023-05-01 18:30:00";45,14
"2023-05-01 18:31:00";45,02
"2023-05-01 18:32:00";44,91
"2023-05-01 18:33:00";44,79
"2023-05-01 18:34:00";44,68
"2023-05-01 18:35:00";44,55
"2023-05-01 18:36:00";44,43
"2023-05-01 18:37:00";44,43
"2023-05-01 18:38:00";44,2
"2023-05-01 18:39:00";44,08
"2023-05-01 18:40:00";43,97
"2023-05-01 18:41:00";43,86
"2023-05-01 18:42:00";43,86
"2023-05-01 18:43:00";43,76
"2023-05-01 18:44:00";43,67
"2023-05-01 18:45:00";43,57
"2023-05-01 18:46:00";43,57
"2023-05-01 18:47:00";43,38
"2023-05-01 18:48:00";43,28
"2023-05-01 18:49:00";43,2
"2023-05-01 18:50:00";43,11
"2023-05-01 18:51:00";43,02
"2023-05-01 18:52:00";42,94
"2023-05-01 18:53:00";42,83
"2023-05-01 18:54:00";42,74
"2023-05-01 18:55:00";42,74
"2023-05-01 18:56:00";42,54
"2023-05-01 18:57:00";42,43
"2023-05-01 18:58:00";42,43
"2023-05-01 18:59:00";42,33
"2023-05-01 19:00:00";42,22
"2023-05-01 19:01:00";42,12
"2023-05-01 19:02:00";42,01
"2023-05-01 19:03:00";41,91
"2023-05-01 19:04:00";41,91
"2023-05-01 19:05:00";41,72
"2023-05-01 19:06:00";41,61
"2023-05-01 19:07:00";41,51
"2023-05-01 19:08:00";41,41
"2023-05-01 19:09:00";41,29
"2023-05-01 19:10:00";41,18
"2023-05-01 19:11:00";41,06
"2023-05-01 19:12:00";41,06
"2023-05-01 19:13:00";40,96
"2023-05-01 19:14:00";40,74
"2023-05-01 19:15:00";40,74
"2023-05-01 19:16:00";40,65
"2023-05-01 19:17:00";40,53
"2023-05-01 19:18:00";40,43
"2023-05-01 19:19:00";40,32
"2023-05-01 19:20:00";40,23
"2023-05-01 19:21:00";40,23
"2023-05-01 19:22:00";40,13
"2023-05-01 19:23:00";39,94
"2023-05-01 19:24:00";39,84
"2023-05-01 19:25:00";39,73
"2023-05-01 19:26:00";39,64
"2023-05-01 19:27:00";39,53
"2023-05-01 19:28:00";39,43
"2023-05-01 19:29:00";39,36
"2023-05-01 19:30:00";39,36
"2023-05-01 19:31:00";39,26
"2023-05-01 19:32:00";39,15
"2023-05-01 19:33:00";39,07
"2023-05-01 19:34:00";38,97
"2023-05-01 19:35:00";38,88
"2023-05-01 19:36:00";38,79
"2023-05-01 19:37:00";38,72
"2023-05-01 19:38:00";38,59
"2023-05-01 19:39:00";38,59
"2023-05-01 19:40:00";38,5
"2023-05-01 19:41:00";38,32
"2023-05-01 19:42:00";38,23
"2023-05-01 19:43:00";38,13
"2023-05-01 19:44:00";38,01
"2023-05-01 19:45:00";37,92
"2023-05-01 19:46:00";37,84
"2023-05-01 19:47:00";37,76
"2023-05-01 19:48:00";37,76
"2023-05-01 19:49:00";37,76
"2023-05-01 19:50:00";37,68
"2023-05-01 19:51:00";37,5
"2023-05-01 19:52:00";37,41
"2023-05-01 19:53:00";37,31
"2023-05-01 19:54:00";37,22
"2023-05-01 19:55:00";37,13
"2023-05-01 19:56:00";37,03
"2023-05-01 19:57:00";37,03
"2023-05-01 19:58:00";36,95
"2023-05-01 19:59:00";36,87
"2023-05-01 20:00:00";36,72
"2023-05-01 20:01:00";36,64
"2023-05-01 20:02:00";36,56
"2023-05-01 20:03:00";36,47
"2023-05-01 20:04:00";36,47
"2023-05-01 20:05:00";36,38
"2023-05-01 20:06:00";36,38
"2023-05-01 20:07:00";36,31
"2023-05-01 20:08:00";36,2
"2023-05-01 20:09:00";36,04
"2023-05-01 20:10:00";35,96
"2023-05-01 20:11:00";35,87
"2023-05-01 20:12:00";35,8
"2023-05-01 20:13:00";35,73
"2023-05-01 20:14:00";35,65
"2023-05-01 20:15:00";35,65
"2023-05-01 20:16:00";35,57
"2023-05-01 20:17:00";35,51
"2023-05-01 20:18:00";35,39
"2023-05-01 20:19:00";35,3
"2023-05-01 20:20:00";35,24
"2023-05-01 20:21:00";35,24
"2023-05-01 20:22:00";35,16
"2023-05-01 20:23:00";35,08
"2023-05-01 20:24:00";35,08
"2023-05-01 20:25:00";35
"2023-05-01 20:26:00";34,93
"2023-05-01 20:27:00";34,78
"2023-05-01 20:28:00";34,7
"2023-05-01 20:29:00";34,62
"2023-05-01 20:30:00";34,55
"2023-05-01 20:31:00";34,48
"2023-05-01 20:32:00";34,41
"2023-05-01 20:33:00";34,41
"2023-05-01 20:34:00";34,33
"2023-05-01 20:35:00";34,27
"2023-05-01 20:36:00";34,14
"2023-05-01 20:37:00";34,14
"2023-05-01 20:38:00";34,06
"2023-05-01 20:39:00";34,01
"2023-05-01 20:40:00";33,93
"2023-05-01 20:41:00";33,88
"2023-05-01 20:42:00";33,88
"2023-05-01 20:43:00";33,83
"2023-05-01 20:44:00";33,77
"2023-05-01 20:45:00";33,62
"2023-05-01 20:46:00";33,58
"2023-05-01 20:47:00";33,52
"2023-05-01 20:48:00";33,45
"2023-05-01 20:49:00";33,4
"2023-05-01 20:50:00";33,34
"2023-05-01 20:51:00";33,34
"2023-05-01 20:52:00";33,3
"2023-05-01 20:53:00";33,24
"2023-05-01 20:54:00";33,16
"2023-05-01 20:55:00";33,11
"2023-05-01 20:56:00";33,06
"2023-05-01 20:57:00";32,99
"2023-05-01 20:58:00";32,94
"2023-05-01 20:59:00";32,94
"2023-05-01 21:00:00";32,9
"2023-05-01 21:01:00";32,84
"2023-05-01 21:02:00";32,79
"2023-05-01 21:03:00";32,7
"2023-05-01 21:04:00";32,65
"2023-05-01 21:05:00";32,59
"2023-05-01 21:06:00";32,54
"2023-05-01 21:07:00";32,48
"2023-05-01 21:08:00";32,48
"2023-05-01 21:09:00";32,44
"2023-05-01 21:10:00";32,4
"2023-05-01 21:11:00";32,4
"2023-05-01 21:12:00";32,29
"2023-05-01 21:13:00";32,24
"2023-05-01 21:14:00";32,19
"2023-05-01 21:15:00";32,14
"2023-05-01 21:16:00";32,09
"2023-05-01 21:17:00";32,09
"2023-05-01 21:18:00";32,05
"2023-05-01 21:19:00";31,99
"2023-05-01 21:20:00";31,93
"2023-05-01 21:21:00";31,83
"2023-05-01 21:22:00";31,77
"2023-05-01 21:23:00";31,72
"2023-05-01 21:24:00";31,68
"2023-05-01 21:25:00";31,64
"2023-05-01 21:26:00";31,64
"2023-05-01 21:27:00";31,64
"2023-05-01 21:28:00";31,6
"2023-05-01 21:29:00";31,57
"2023-05-01 21:30:00";31,48
"2023-05-01 21:31:00";31,44
"2023-05-01 21:32:00";31,39
"2023-05-01 21:33:00";31,34
"2023-05-01 21:34:00";31,29
"2023-05-01 21:35:00";31,29
"2023-05-01 21:36:00";31,26
"2023-05-01 21:37:00";31,21
"2023-05-01 21:38:00";31,16
"2023-05-01 21:39:00";31,1
"2023-05-01 21:40:00";31,06
"2023-05-01 21:41:00";31,01
"2023-05-01 21:42:00";30,97
"2023-05-01 21:43:00";30,97
"2023-05-01 21:44:00";30,97
"2023-05-01 21:45:00";30,93
"2023-05-01 21:46:00";30,87
"2023-05-01 21:47:00";30,85
"2023-05-01 21:48:00";30,79
"2023-05-01 21:49:00";30,75
"2023-05-01 21:50:00";30,71
"2023-05-01 21:51:00";30,67
"2023-05-01 21:52:00";30,62
"2023-05-01 21:53:00";30,62
"2023-05-01 21:54:00";30,56
"2023-05-01 21:55:00";30,52
"2023-05-01 21:56:00";30,47
"2023-05-01 21:57:00";30,41
"2023-05-01 21:58:00";30,36
"2023-05-01 21:59:00";30,36
"2023-05-01 22:00:00";30,34
"2023-05-01 22:01:00";30,3
"2023-05-01 22:02:00";30,3
"2023-05-01 22:03:00";30,26
"2023-05-01 22:04:00";30,22
"2023-05-01 22:05:00";30,17
"2023-05-01 22:06:00";30,15
"2023-05-01 22:07:00";30,04
"2023-05-01 22:08:00";30
"2023-05-01 22:09:00";29,98
"2023-05-01 22:10:00";29,96
"2023-05-01 22:11:00";29,96
"2023-05-01 22:12:00";29,93
"2023-05-01 22:13:00";29,88
"2023-05-01 22:14:00";29,85
"2023-05-01 22:15:00";29,84
"2023-05-01 22:16:00";29,8
"2023-05-01 22:17:00";29,78
"2023-05-01 22:18:00";29,71
"2023-05-01 22:19:00";29,69
"2023-05-01 22:20:00";29,69
"2023-05-01 22:21:00";29,65
"2023-05-01 22:22:00";29,62
"2023-05-01 22:23:00";29,59
"2023-05-01 22:24:00";29,54
"2023-05-01 22:25:00";29,48
"2023-05-01 22:26:00";29,44
"2023-05-01 22:27:00";29,41
"2023-05-01 22:28:00";29,4
"2023-05-01 22:29:00";29,4
"2023-05-01 22:30:00";29,37
"2023-05-01 22:31:00";29,34
"2023-05-01 22:32:00";29,29
"2023-05-01 22:33:00";29,29
"2023-05-01 22:34:00";29,24
"2023-05-01 22:35:00";29,2
"2023-05-01 22:36:00";29,17
"2023-05-01 22:37:00";29,15
"2023-05-01 22:38:00";29,15
"2023-05-01 22:39:00";29,13
"2023-05-01 22:40:00";29,08
"2023-05-01 22:41:00";29,05
"2023-05-01 22:42:00";29,03
"2023-05-01 22:43:00";28,99
"2023-05-01 22:44:00";28,98
"2023-05-01 22:45:00";28,94
"2023-05-01 22:46:00";28,92
"2023-05-01 22:47:00";28,92
"2023-05-01 22:48:00";28,88
"2023-05-01 22:49:00";28,88
"2023-05-01 22:50:00";28,86
"2023-05-01 22:51:00";28,84
"2023-05-01 22:52:00";28,8
"2023-05-01 22:53:00";28,77
"2023-05-01 22:54:00";28,73
"2023-05-01 22:55:00";28,71
"2023-05-01 22:56:00";28,71
"2023-05-01 22:57:00";28,69
"2023-05-01 22:58:00";28,65
"2023-05-01 22:59:00";28,62
"2023-05-01 23:00:00";28,6
"2023-05-01 23:01:00";28,59
"2023-05-01 23:02:00";28,57
"2023-05-01 23:03:00";28,55
"2023-05-01 23:04:00";28,53
"2023-05-01 23:05:00";28,53
"2023-05-01 23:06:00";28,53
"2023-05-01 23:07:00";28,49
"2023-05-01 23:08:00";28,46
"2023-05-01 23:09:00";28,46
"2023-05-01 23:10:00";28,42
"2023-05-01 23:11:00";28,41
"2023-05-01 23:12:00";28,39
"2023-05-01 23:13:00";28,36
"2023-05-01 23:14:00";28,36
"2023-05-01 23:15:00";28,32
"2023-05-01 23:16:00";28,32
"2023-05-01 23:17:00";28,29
"2023-05-01 23:18:00";28,27
"2023-05-01 23:19:00";28,25
"2023-05-01 23:20:00";28,19
"2023-05-01 23:21:00";28,19
"2023-05-01 23:22:00";28,16
"2023-05-01 23:23:00";28,16
"2023-05-01 23:24:00";28,15
"2023-05-01 23:25:00";28,14
"2023-05-01 23:26:00";28,12
"2023-05-01 23:27:00";28,08
"2023-05-01 23:28:00";28,04
"2023-05-01 23:29:00";28,01
"2023-05-01 23:30:00";27,99
"2023-05-01 23:31:00";27,98
"2023-05-01 23:32:00";27,98
"2023-05-01 23:33:00";27,98
"2023-05-01 23:34:00";27,97
"2023-05-01 23:35:00";27,96
"2023-05-01 23:36:00";27,93
"2023-05-01 23:37:00";27,9
"2023-05-01 23:38:00";27,88
"2023-05-01 23:39:00";27,85
"2023-05-01 23:40:00";27,81
"2023-05-01 23:41:00";27,81
"2023-05-01 23:42:00";27,82
"2023-05-01 23:43:00";27,8
"2023-05-01 23:44:00";27,79
"2023-05-01 23:45:00";27,78
"2023-05-01 23:46:00";27,75
"2023-05-01 23:47:00";27,73
"2023-05-01 23:48:00";27,71
"2023-05-01 23:49:00";27,72
"2023-05-01 23:50:00";27,72
"2023-05-01 23:51:00";27,7
"2023-05-01 23:52:00";27,7
"2023-05-01 23:53:00";27,69
"2023-05-01 23:54:00";27,69
"2023-05-01 23:55:00";27,69
"2023-05-01 23:56:00";27,65
"2023-05-01 23:57:00";27,64
"2023-05-01 23:58:00";27,64
"2023-05-01 23:59:00";27,64