"DateTime";"Aanvoertemperatuur [Warmtapwater bwdl Geel] [°C]"
"2023-05-01 00:00:00";29,3
"2023-05-01 00:01:00";29,32
"2023-05-01 00:02:00";29,32
"2023-05-01 00:03:00";29,33
"2023-05-01 00:04:00";29,34
"2023-05-01 00:05:00";29,35
"2023-05-01 00:06:00";29,35
"2023-05-01 00:07:00";29,36
"2023-05-01 00:08:00";29,38
"2023-05-01 00:09:00";29,39
"2023-05-01 00:10:00";29,4
"2023-05-01 00:11:00";29,41
"2023-05-01 00:12:00";29,43
"2023-05-01 00:13:00";29,43
"2023-05-01 00:14:00";29,45
"2023-05-01 00:15:00";29,45
"2023-05-01 00:16:00";29,43
"2023-05-01 00:17:00";29,41
"2023-05-01 00:18:00";29,41
"2023-05-01 00:19:00";29,4
"2023-05-01 00:20:00";29,39
"2023-05-01 00:21:00";29,37
"2023-05-01 00:22:00";29,35
"2023-05-01 00:23:00";29,34
"2023-05-01 00:24:00";29,34
"2023-05-01 00:25:00";29,32
"2023-05-01 00:26:00";29,31
"2023-05-01 00:27:00";29,28
"2023-05-01 00:28:00";29,27
"2023-05-01 00:29:00";29,26
"2023-05-01 00:30:00";29,24
"2023-05-01 00:31:00";29,24
"2023-05-01 00:32:00";29,24
"2023-05-01 00:33:00";29,22
"2023-05-01 00:34:00";29,22
"2023-05-01 00:35:00";29,21
"2023-05-01 00:36:00";29,19
"2023-05-01 00:37:00";29,18
"2023-05-01 00:38:00";29,16
"2023-05-01 00:39:00";29,15
"2023-05-01 00:40:00";29,14
"2023-05-01 00:41:00";29,11
"2023-05-01 00:42:00";29,11
"2023-05-01 00:43:00";29,09
"2023-05-01 00:44:00";29,08
"2023-05-01 00:45:00";29,05
"2023-05-01 00:46:00";29,03
"2023-05-01 00:47:00";29,01
"2023-05-01 00:48:00";29
"2023-05-01 00:49:00";29
"2023-05-01 00:50:00";29
"2023-05-01 00:51:00";28,98
"2023-05-01 00:52:00";28,98
"2023-05-01 00:53:00";28,97
"2023-05-01 00:54:00";28,99
"2023-05-01 00:55:00";29
"2023-05-01 00:56:00";28,99
"2023-05-01 00:57:00";29
"2023-05-01 00:58:00";29
"2023-05-01 00:59:00";29
"2023-05-01 01:00:00";29,02
"2023-05-01 01:01:00";29,01
"2023-05-01 01:02:00";29,03
"2023-05-01 01:03:00";29,04
"2023-05-01 01:04:00";29,06
"2023-05-01 01:05:00";29,06
"2023-05-01 01:06:00";29,06
"2023-05-01 01:07:00";29,07
"2023-05-01 01:08:00";29,07
"2023-05-01 01:09:00";29,08
"2023-05-01 01:10:00";29,1
"2023-05-01 01:11:00";29,1
"2023-05-01 01:12:00";29,11
"2023-05-01 01:13:00";29,12
"2023-05-01 01:14:00";29,13
"2023-05-01 01:15:00";29,13
"2023-05-01 01:16:00";29,16
"2023-05-01 01:17:00";29,16
"2023-05-01 01:18:00";29,15
"2023-05-01 01:19:00";29,16
"2023-05-01 01:20:00";29,16
"2023-05-01 01:21:00";29,18
"2023-05-01 01:22:00";29,18
"2023-05-01 01:23:00";29,19
"2023-05-01 01:24:00";29,2
"2023-05-01 01:25:00";29,2
"2023-05-01 01:26:00";29,2
"2023-05-01 01:27:00";29,21
"2023-05-01 01:28:00";29,22
"2023-05-01 01:29:00";29,22
"2023-05-01 01:30:00";29,24
"2023-05-01 01:31:00";29,23
"2023-05-01 01:32:00";29,24
"2023-05-01 01:33:00";29,26
"2023-05-01 01:34:00";29,26
"2023-05-01 01:35:00";29,26
"2023-05-01 01:36:00";29,27
"2023-05-01 01:37:00";29,27
"2023-05-01 01:38:00";29,27
"2023-05-01 01:39:00";29,29
"2023-05-01 01:40:00";29,29
"2023-05-01 01:41:00";29,28
"2023-05-01 01:42:00";29,3
"2023-05-01 01:43:00";29,3
"2023-05-01 01:44:00";29,3
"2023-05-01 01:45:00";29,31
"2023-05-01 01:46:00";29,32
"2023-05-01 01:47:00";29,33
"2023-05-01 01:48:00";29,33
"2023-05-01 01:49:00";29,34
"2023-05-01 01:50:00";29,35
"2023-05-01 01:51:00";29,36
"2023-05-01 01:52:00";29,36
"2023-05-01 01:53:00";29,36
"2023-05-01 01:54:00";29,35
"2023-05-01 01:55:00";29,35
"2023-05-01 01:56:00";29,35
"2023-05-01 01:57:00";29,35
"2023-05-01 01:58:00";29,35
"2023-05-01 01:59:00";29,35
"2023-05-01 02:00:00";29,36
"2023-05-01 02:01:00";29,36
"2023-05-01 02:02:00";29,36
"2023-05-01 02:03:00";29,36
"2023-05-01 02:04:00";29,36
"2023-05-01 02:05:00";29,37
"2023-05-01 02:06:00";29,37
"2023-05-01 02:07:00";29,37
"2023-05-01 02:08:00";29,37
"2023-05-01 02:09:00";29,38
"2023-05-01 02:10:00";29,38
"2023-05-01 02:11:00";29,38
"2023-05-01 02:12:00";29,38
"2023-05-01 02:13:00";29,39
"2023-05-01 02:14:00";29,39
"2023-05-01 02:15:00";29,4
"2023-05-01 02:16:00";29,41
"2023-05-01 02:17:00";29,41
"2023-05-01 02:18:00";29,41
"2023-05-01 02:19:00";29,41
"2023-05-01 02:20:00";29,41
"2023-05-01 02:21:00";29,42
"2023-05-01 02:22:00";29,43
"2023-05-01 02:23:00";29,43
"2023-05-01 02:24:00";29,45
"2023-05-01 02:25:00";29,45
"2023-05-01 02:26:00";29,46
"2023-05-01 02:27:00";29,46
"2023-05-01 02:28:00";29,46
"2023-05-01 02:29:00";29,46
"2023-05-01 02:30:00";29,47
"2023-05-01 02:31:00";29,47
"2023-05-01 02:32:00";29,48
"2023-05-01 02:33:00";29,48
"2023-05-01 02:34:00";29,45
"2023-05-01 02:35:00";29,4
"2023-05-01 02:36:00";29,34
"2023-05-01 02:37:00";29,34
"2023-05-01 02:38:00";29,29
"2023-05-01 02:39:00";29,24
"2023-05-01 02:40:00";29,18
"2023-05-01 02:41:00";29,11
"2023-05-01 02:42:00";29,05
"2023-05-01 02:43:00";28,91
"2023-05-01 02:44:00";28,91
"2023-05-01 02:45:00";28,83
"2023-05-01 02:46:00";28,83
"2023-05-01 02:47:00";28,77
"2023-05-01 02:48:00";28,72
"2023-05-01 02:49:00";28,69
"2023-05-01 02:50:00";28,69
"2023-05-01 02:51:00";28,69
"2023-05-01 02:52:00";28,73
"2023-05-01 02:53:00";28,74
"2023-05-01 02:54:00";28,76
"2023-05-01 02:55:00";28,76
"2023-05-01 02:56:00";28,79
"2023-05-01 02:57:00";28,82
"2023-05-01 02:58:00";28,83
"2023-05-01 02:59:00";28,85
"2023-05-01 03:00:00";28,88
"2023-05-01 03:01:00";28,89
"2023-05-01 03:02:00";28,93
"2023-05-01 03:03:00";28,95
"2023-05-01 03:04:00";28,95
"2023-05-01 03:05:00";28,98
"2023-05-01 03:06:00";29
"2023-05-01 03:07:00";29,01
"2023-05-01 03:08:00";29,03
"2023-05-01 03:09:00";29,05
"2023-05-01 03:10:00";29,07
"2023-05-01 03:11:00";29,09
"2023-05-01 03:12:00";29,1
"2023-05-01 03:13:00";29,1
"2023-05-01 03:14:00";29,11
"2023-05-01 03:15:00";29,12
"2023-05-01 03:16:00";29,11
"2023-05-01 03:17:00";29,11
"2023-05-01 03:18:00";29,11
"2023-05-01 03:19:00";29,11
"2023-05-01 03:20:00";29,1
"2023-05-01 03:21:00";29,08
"2023-05-01 03:22:00";29,08
"2023-05-01 03:23:00";29,07
"2023-05-01 03:24:00";29,06
"2023-05-01 03:25:00";29,05
"2023-05-01 03:26:00";29,05
"2023-05-01 03:27:00";29,03
"2023-05-01 03:28:00";29
"2023-05-01 03:29:00";29
"2023-05-01 03:30:00";28,99
"2023-05-01 03:31:00";28,99
"2023-05-01 03:32:00";28,98
"2023-05-01 03:33:00";28,97
"2023-05-01 03:34:00";28,97
"2023-05-01 03:35:00";28,96
"2023-05-01 03:36:00";28,95
"2023-05-01 03:37:00";28,93
"2023-05-01 03:38:00";28,93
"2023-05-01 03:39:00";28,9
"2023-05-01 03:40:00";28,9
"2023-05-01 03:41:00";28,88
"2023-05-01 03:42:00";28,88
"2023-05-01 03:43:00";28,88
"2023-05-01 03:44:00";28,86
"2023-05-01 03:45:00";28,84
"2023-05-01 03:46:00";28,81
"2023-05-01 03:47:00";28,78
"2023-05-01 03:48:00";28,76
"2023-05-01 03:49:00";28,76
"2023-05-01 03:50:00";28,74
"2023-05-01 03:51:00";28,74
"2023-05-01 03:52:00";28,74
"2023-05-01 03:53:00";28,73
"2023-05-01 03:54:00";28,72
"2023-05-01 03:55:00";28,71
"2023-05-01 03:56:00";28,7
"2023-05-01 03:57:00";28,7
"2023-05-01 03:58:00";28,7
"2023-05-01 03:59:00";28,7
"2023-05-01 04:00:00";28,71
"2023-05-01 04:01:00";28,71
"2023-05-01 04:02:00";28,72
"2023-05-01 04:03:00";28,73
"2023-05-01 04:04:00";28,73
"2023-05-01 04:05:00";28,74
"2023-05-01 04:06:00";26,53
"2023-05-01 04:07:00";26,53
"2023-05-01 04:08:00";20,19
"2023-05-01 04:09:00";71,45
"2023-05-01 04:10:00";77,17
"2023-05-01 04:11:00";76,76
"2023-05-01 04:12:00";81,12
"2023-05-01 04:13:00";66,43
"2023-05-01 04:14:00";62,92
"2023-05-01 04:15:00";69
"2023-05-01 04:16:00";69
"2023-05-01 04:17:00";67,46
"2023-05-01 04:18:00";66,77
"2023-05-01 04:19:00";64,32
"2023-05-01 04:20:00";64,78
"2023-05-01 04:21:00";62,7
"2023-05-01 04:22:00";62,13
"2023-05-01 04:23:00";62,24
"2023-05-01 04:24:00";62,2
"2023-05-01 04:25:00";62,2
"2023-05-01 04:26:00";62,1
"2023-05-01 04:27:00";62,15
"2023-05-01 04:28:00";62,19
"2023-05-01 04:29:00";63,7
"2023-05-01 04:30:00";64,43
"2023-05-01 04:31:00";64,78
"2023-05-01 04:32:00";66,22
"2023-05-01 04:33:00";66,6
"2023-05-01 04:34:00";66,6
"2023-05-01 04:35:00";67,73
"2023-05-01 04:36:00";67,87
"2023-05-01 04:37:00";68,28
"2023-05-01 04:38:00";66,68
"2023-05-01 04:39:00";65,4
"2023-05-01 04:40:00";64,73
"2023-05-01 04:41:00";61,46
"2023-05-01 04:42:00";61,06
"2023-05-01 04:43:00";61,06
"2023-05-01 04:44:00";60,8
"2023-05-01 04:45:00";61,12
"2023-05-01 04:46:00";61,65
"2023-05-01 04:47:00";61,89
"2023-05-01 04:48:00";62,4
"2023-05-01 04:49:00";62,81
"2023-05-01 04:50:00";64,25
"2023-05-01 04:51:00";64,25
"2023-05-01 04:52:00";64,95
"2023-05-01 04:53:00";65,3
"2023-05-01 04:54:00";65,75
"2023-05-01 04:55:00";66,05
"2023-05-01 04:56:00";66,87
"2023-05-01 04:57:00";67,33
"2023-05-01 04:58:00";67,52
"2023-05-01 04:59:00";68,82
"2023-05-01 05:00:00";68,82
"2023-05-01 05:01:00";69,39
"2023-05-01 05:02:00";70,28
"2023-05-01 05:03:00";70,72
"2023-05-01 05:04:00";71,26
"2023-05-01 05:05:00";71,46
"2023-05-01 05:06:00";71,86
"2023-05-01 05:07:00";72,15
"2023-05-01 05:08:00";71,99
"2023-05-01 05:09:00";71,99
"2023-05-01 05:10:00";72,06
"2023-05-01 05:11:00";72,27
"2023-05-01 05:12:00";72,31
"2023-05-01 05:13:00";72,44
"2023-05-01 05:14:00";72,41
"2023-05-01 05:15:00";65,45
"2023-05-01 05:16:00";57,48
"2023-05-01 05:17:00";56,81
"2023-05-01 05:18:00";56,81
"2023-05-01 05:19:00";56,36
"2023-05-01 05:20:00";56,28
"2023-05-01 05:21:00";56,19
"2023-05-01 05:22:00";56,04
"2023-05-01 05:23:00";55,93
"2023-05-01 05:24:00";55,76
"2023-05-01 05:25:00";55,66
"2023-05-01 05:26:00";55,42
"2023-05-01 05:27:00";55,42
"2023-05-01 05:28:00";55,28
"2023-05-01 05:29:00";55,14
"2023-05-01 05:30:00";55
"2023-05-01 05:31:00";54,86
"2023-05-01 05:32:00";54,72
"2023-05-01 05:33:00";54,58
"2023-05-01 05:34:00";54,41
"2023-05-01 05:35:00";54,27
"2023-05-01 05:36:00";54,27
"2023-05-01 05:37:00";54,11
"2023-05-01 05:38:00";53,96
"2023-05-01 05:39:00";53,82
"2023-05-01 05:40:00";53,68
"2023-05-01 05:41:00";53,52
"2023-05-01 05:42:00";53,36
"2023-05-01 05:43:00";53,21
"2023-05-01 05:44:00";52,91
"2023-05-01 05:45:00";52,91
"2023-05-01 05:46:00";52,76
"2023-05-01 05:47:00";52,6
"2023-05-01 05:48:00";52,44
"2023-05-01 05:49:00";52,28
"2023-05-01 05:50:00";52,12
"2023-05-01 05:51:00";51,97
"2023-05-01 05:52:00";51,81
"2023-05-01 05:53:00";51,64
"2023-05-01 05:54:00";51,64
"2023-05-01 05:55:00";51,49
"2023-05-01 05:56:00";51,33
"2023-05-01 05:57:00";51,17
"2023-05-01 05:58:00";51,01
"2023-05-01 05:59:00";50,86
"2023-05-01 06:00:00";50,7
"2023-05-01 06:01:00";50,54
"2023-05-01 06:02:00";50,24
"2023-05-01 06:03:00";50,24
"2023-05-01 06:04:00";50,08
"2023-05-01 06:05:00";49,92
"2023-05-01 06:06:00";49,77
"2023-05-01 06:07:00";49,64
"2023-05-01 06:08:00";49,48
"2023-05-01 06:09:00";49,48
"2023-05-01 06:10:00";49,33
"2023-05-01 06:11:00";49,04
"2023-05-01 06:12:00";49,04
"2023-05-01 06:13:00";48,88
"2023-05-01 06:14:00";48,74
"2023-05-01 06:15:00";48,59
"2023-05-01 06:16:00";48,45
"2023-05-01 06:17:00";48,29
"2023-05-01 06:18:00";48,14
"2023-05-01 06:19:00";48
"2023-05-01 06:20:00";47,86
"2023-05-01 06:21:00";47,71
"2023-05-01 06:22:00";47,57
"2023-05-01 06:23:00";47,42
"2023-05-01 06:24:00";47,29
"2023-05-01 06:25:00";47,29
"2023-05-01 06:26:00";47,15
"2023-05-01 06:27:00";47,01
"2023-05-01 06:28:00";46,86
"2023-05-01 06:29:00";46,71
"2023-05-01 06:30:00";46,58
"2023-05-01 06:31:00";46,44
"2023-05-01 06:32:00";46,3
"2023-05-01 06:33:00";46,16
"2023-05-01 06:34:00";46,01
"2023-05-01 06:35:00";45,88
"2023-05-01 06:36:00";45,73
"2023-05-01 06:37:00";45,6
"2023-05-01 06:38:00";45,45
"2023-05-01 06:39:00";45,32
"2023-05-01 06:40:00";45,19
"2023-05-01 06:41:00";45,05
"2023-05-01 06:42:00";45,05
"2023-05-01 06:43:00";44,91
"2023-05-01 06:44:00";44,78
"2023-05-01 06:45:00";44,65
"2023-05-01 06:46:00";44,52
"2023-05-01 06:47:00";44,38
"2023-05-01 06:48:00";44,25
"2023-05-01 06:49:00";44,12
"2023-05-01 06:50:00";43,99
"2023-05-01 06:51:00";43,85
"2023-05-01 06:52:00";43,73
"2023-05-01 06:53:00";43,6
"2023-05-01 06:54:00";43,47
"2023-05-01 06:55:00";43,35
"2023-05-01 06:56:00";43,23
"2023-05-01 06:57:00";43,1
"2023-05-01 06:58:00";43,1
"2023-05-01 06:59:00";42,97
"2023-05-01 07:00:00";42,85
"2023-05-01 07:01:00";42,74
"2023-05-01 07:02:00";42,61
"2023-05-01 07:03:00";42,49
"2023-05-01 07:04:00";42,38
"2023-05-01 07:05:00";42,26
"2023-05-01 07:06:00";42,14
"2023-05-01 07:07:00";42,02
"2023-05-01 07:08:00";41,9
"2023-05-01 07:09:00";41,79
"2023-05-01 07:10:00";41,66
"2023-05-01 07:11:00";41,54
"2023-05-01 07:12:00";41,4
"2023-05-01 07:13:00";41,26
"2023-05-01 07:14:00";35,43
"2023-05-01 07:15:00";46,45
"2023-05-01 07:16:00";83,08
"2023-05-01 07:17:00";89,52
"2023-05-01 07:18:00";87,97
"2023-05-01 07:19:00";78,33
"2023-05-01 07:20:00";74,46
"2023-05-01 07:21:00";72,97
"2023-05-01 07:22:00";72,98
"2023-05-01 07:23:00";72,1
"2023-05-01 07:24:00";72,21
"2023-05-01 07:25:00";72,37
"2023-05-01 07:26:00";72,61
"2023-05-01 07:27:00";72,5
"2023-05-01 07:28:00";72,29
"2023-05-01 07:29:00";72,56
"2023-05-01 07:30:00";70,96
"2023-05-01 07:31:00";69,55
"2023-05-01 07:32:00";61,58
"2023-05-01 07:33:00";62,71
"2023-05-01 07:34:00";65,51
"2023-05-01 07:35:00";63,76
"2023-05-01 07:36:00";65,73
"2023-05-01 07:37:00";64,05
"2023-05-01 07:38:00";65,85
"2023-05-01 07:39:00";66,83
"2023-05-01 07:40:00";67,07
"2023-05-01 07:41:00";68,5
"2023-05-01 07:42:00";69,39
"2023-05-01 07:43:00";70,36
"2023-05-01 07:44:00";70,54
"2023-05-01 07:45:00";71,39
"2023-05-01 07:46:00";71,86
"2023-05-01 07:47:00";71,93
"2023-05-01 07:48:00";72,32
"2023-05-01 07:49:00";72,75
"2023-05-01 07:50:00";73,08
"2023-05-01 07:51:00";73,32
"2023-05-01 07:52:00";73,49
"2023-05-01 07:53:00";73,7
"2023-05-01 07:54:00";73,86
"2023-05-01 07:55:00";74,2
"2023-05-01 07:56:00";74,59
"2023-05-01 07:57:00";75,13
"2023-05-01 07:58:00";72,41
"2023-05-01 07:59:00";73,66
"2023-05-01 08:00:00";74,19
"2023-05-01 08:01:00";73,43
"2023-05-01 08:02:00";72,77
"2023-05-01 08:03:00";72,53
"2023-05-01 08:04:00";68,65
"2023-05-01 08:05:00";66,7
"2023-05-01 08:06:00";67,87
"2023-05-01 08:07:00";69,11
"2023-05-01 08:08:00";70,12
"2023-05-01 08:09:00";71,06
"2023-05-01 08:10:00";72,01
"2023-05-01 08:11:00";72,72
"2023-05-01 08:12:00";73,51
"2023-05-01 08:13:00";73,9
"2023-05-01 08:14:00";74,02
"2023-05-01 08:15:00";73,84
"2023-05-01 08:16:00";72,51
"2023-05-01 08:17:00";67,35
"2023-05-01 08:18:00";62,12
"2023-05-01 08:19:00";62,99
"2023-05-01 08:20:00";64,01
"2023-05-01 08:21:00";66,54
"2023-05-01 08:22:00";67,79
"2023-05-01 08:23:00";69,85
"2023-05-01 08:24:00";70,59
"2023-05-01 08:25:00";72,03
"2023-05-01 08:26:00";73,35
"2023-05-01 08:27:00";70,78
"2023-05-01 08:28:00";72,04
"2023-05-01 08:29:00";73,18
"2023-05-01 08:30:00";73,39
"2023-05-01 08:31:00";74,05
"2023-05-01 08:32:00";71,69
"2023-05-01 08:33:00";75,81
"2023-05-01 08:34:00";75,9
"2023-05-01 08:35:00";75,9
"2023-05-01 08:36:00";76,21
"2023-05-01 08:37:00";75,45
"2023-05-01 08:38:00";75,47
"2023-05-01 08:39:00";75,64
"2023-05-01 08:40:00";73,43
"2023-05-01 08:41:00";74,62
"2023-05-01 08:42:00";75,76
"2023-05-01 08:43:00";76,09
"2023-05-01 08:44:00";76,09
"2023-05-01 08:45:00";76,38
"2023-05-01 08:46:00";76,8
"2023-05-01 08:47:00";77,41
"2023-05-01 08:48:00";77,71
"2023-05-01 08:49:00";77,24
"2023-05-01 08:50:00";77,27
"2023-05-01 08:51:00";76,77
"2023-05-01 08:52:00";77,33
"2023-05-01 08:53:00";77,33
"2023-05-01 08:54:00";77,09
"2023-05-01 08:55:00";75,09
"2023-05-01 08:56:00";75,65
"2023-05-01 08:57:00";75,67
"2023-05-01 08:58:00";75,59
"2023-05-01 08:59:00";75,2
"2023-05-01 09:00:00";75,24
"2023-05-01 09:01:00";75,85
"2023-05-01 09:02:00";75,85
"2023-05-01 09:03:00";76,06
"2023-05-01 09:04:00";61,71
"2023-05-01 09:05:00";61,87
"2023-05-01 09:06:00";61,42
"2023-05-01 09:07:00";61,24
"2023-05-01 09:08:00";56,57
"2023-05-01 09:09:00";56,46
"2023-05-01 09:10:00";56,35
"2023-05-01 09:11:00";56,35
"2023-05-01 09:12:00";56,23
"2023-05-01 09:13:00";55,99
"2023-05-01 09:14:00";55,89
"2023-05-01 09:15:00";55,77
"2023-05-01 09:16:00";55,63
"2023-05-01 09:17:00";55,48
"2023-05-01 09:18:00";55,33
"2023-05-01 09:19:00";55,17
"2023-05-01 09:20:00";55,17
"2023-05-01 09:21:00";54,99
"2023-05-01 09:22:00";54,66
"2023-05-01 09:23:00";54,49
"2023-05-01 09:24:00";54,32
"2023-05-01 09:25:00";54,14
"2023-05-01 09:26:00";53,95
"2023-05-01 09:27:00";53,76
"2023-05-01 09:28:00";53,59
"2023-05-01 09:29:00";53,59
"2023-05-01 09:30:00";53,4
"2023-05-01 09:31:00";53,2
"2023-05-01 09:32:00";52,86
"2023-05-01 09:33:00";52,68
"2023-05-01 09:34:00";52,51
"2023-05-01 09:35:00";52,3
"2023-05-01 09:36:00";52,11
"2023-05-01 09:37:00";51,91
"2023-05-01 09:38:00";51,91
"2023-05-01 09:39:00";51,73
"2023-05-01 09:40:00";51,32
"2023-05-01 09:41:00";51,11
"2023-05-01 09:42:00";50,9
"2023-05-01 09:43:00";50,69
"2023-05-01 09:44:00";50,49
"2023-05-01 09:45:00";50,29
"2023-05-01 09:46:00";50,06
"2023-05-01 09:47:00";50,06
"2023-05-01 09:48:00";49,87
"2023-05-01 09:49:00";49,42
"2023-05-01 09:50:00";49,21
"2023-05-01 09:51:00";49,02
"2023-05-01 09:52:00";48,81
"2023-05-01 09:53:00";48,58
"2023-05-01 09:54:00";48,36
"2023-05-01 09:55:00";48,15
"2023-05-01 09:56:00";48,15
"2023-05-01 09:57:00";47,96
"2023-05-01 09:58:00";47,55
"2023-05-01 09:59:00";47,32
"2023-05-01 10:00:00";43,97
"2023-05-01 10:01:00";49,65
"2023-05-01 10:02:00";78,14
"2023-05-01 10:03:00";79,92
"2023-05-01 10:04:00";73,92
"2023-05-01 10:05:00";70,26
"2023-05-01 10:06:00";68,26
"2023-05-01 10:07:00";66,14
"2023-05-01 10:08:00";65,41
"2023-05-01 10:09:00";66,23
"2023-05-01 10:10:00";69,63
"2023-05-01 10:11:00";71,23
"2023-05-01 10:12:00";72,62
"2023-05-01 10:13:00";71,77
"2023-05-01 10:14:00";71,11
"2023-05-01 10:15:00";73,49
"2023-05-01 10:16:00";74,45
"2023-05-01 10:17:00";71,82
"2023-05-01 10:18:00";72,58
"2023-05-01 10:19:00";67,72
"2023-05-01 10:20:00";62,46
"2023-05-01 10:21:00";64,72
"2023-05-01 10:22:00";66,5
"2023-05-01 10:23:00";62,67
"2023-05-01 10:24:00";64,6
"2023-05-01 10:25:00";67,38
"2023-05-01 10:26:00";69,57
"2023-05-01 10:27:00";64,21
"2023-05-01 10:28:00";64,1
"2023-05-01 10:29:00";66,67
"2023-05-01 10:30:00";69,33
"2023-05-01 10:31:00";70,78
"2023-05-01 10:32:00";72,71
"2023-05-01 10:33:00";72,68
"2023-05-01 10:34:00";72,73
"2023-05-01 10:35:00";71,72
"2023-05-01 10:36:00";73,79
"2023-05-01 10:37:00";75,67
"2023-05-01 10:38:00";76,65
"2023-05-01 10:39:00";77,03
"2023-05-01 10:40:00";77,39
"2023-05-01 10:41:00";77,06
"2023-05-01 10:42:00";77,49
"2023-05-01 10:43:00";78,02
"2023-05-01 10:44:00";78,13
"2023-05-01 10:45:00";78,03
"2023-05-01 10:46:00";77,84
"2023-05-01 10:47:00";77,72
"2023-05-01 10:48:00";75,89
"2023-05-01 10:49:00";76,06
"2023-05-01 10:50:00";76,61
"2023-05-01 10:51:00";76,85
"2023-05-01 10:52:00";77,05
"2023-05-01 10:53:00";76,94
"2023-05-01 10:54:00";76,37
"2023-05-01 10:55:00";74,18
"2023-05-01 10:56:00";74,54
"2023-05-01 10:57:00";74,69
"2023-05-01 10:58:00";75,27
"2023-05-01 10:59:00";75,67
"2023-05-01 11:00:00";75,93
"2023-05-01 11:01:00";76,16
"2023-05-01 11:02:00";76,25
"2023-05-01 11:03:00";75,86
"2023-05-01 11:04:00";75,85
"2023-05-01 11:05:00";76,1
"2023-05-01 11:06:00";76,32
"2023-05-01 11:07:00";76,52
"2023-05-01 11:08:00";76,69
"2023-05-01 11:09:00";76,73
"2023-05-01 11:10:00";75,74
"2023-05-01 11:11:00";75,96
"2023-05-01 11:12:00";76,33
"2023-05-01 11:13:00";76,5
"2023-05-01 11:14:00";76,71
"2023-05-01 11:15:00";76,88
"2023-05-01 11:16:00";76,85
"2023-05-01 11:17:00";76,06
"2023-05-01 11:18:00";75,48
"2023-05-01 11:19:00";76,1
"2023-05-01 11:20:00";76,35
"2023-05-01 11:21:00";76,72
"2023-05-01 11:22:00";76,99
"2023-05-01 11:23:00";76,96
"2023-05-01 11:24:00";77,02
"2023-05-01 11:25:00";77,12
"2023-05-01 11:26:00";77,24
"2023-05-01 11:27:00";77,41
"2023-05-01 11:28:00";77,43
"2023-05-01 11:29:00";77,34
"2023-05-01 11:30:00";77,42
"2023-05-01 11:31:00";77,44
"2023-05-01 11:32:00";77,5
"2023-05-01 11:33:00";77,2
"2023-05-01 11:34:00";77,5
"2023-05-01 11:35:00";77,68
"2023-05-01 11:36:00";77,62
"2023-05-01 11:37:00";77,65
"2023-05-01 11:38:00";76,99
"2023-05-01 11:39:00";75,33
"2023-05-01 11:40:00";73,77
"2023-05-01 11:41:00";73,59
"2023-05-01 11:42:00";75,05
"2023-05-01 11:43:00";75,6
"2023-05-01 11:44:00";76,17
"2023-05-01 11:45:00";76,61
"2023-05-01 11:46:00";76,16
"2023-05-01 11:47:00";76,35
"2023-05-01 11:48:00";77,19
"2023-05-01 11:49:00";62,47
"2023-05-01 11:50:00";61,82
"2023-05-01 11:51:00";61,29
"2023-05-01 11:52:00";61,45
"2023-05-01 11:53:00";60,97
"2023-05-01 11:54:00";60,88
"2023-05-01 11:55:00";60,75
"2023-05-01 11:56:00";60,59
"2023-05-01 11:57:00";60,42
"2023-05-01 11:58:00";60,34
"2023-05-01 11:59:00";60,22
"2023-05-01 12:00:00";59,96
"2023-05-01 12:01:00";59,96
"2023-05-01 12:02:00";59,8
"2023-05-01 12:03:00";59,63
"2023-05-01 12:04:00";59,46
"2023-05-01 12:05:00";59,28
"2023-05-01 12:06:00";59,11
"2023-05-01 12:07:00";58,93
"2023-05-01 12:08:00";58,76
"2023-05-01 12:09:00";58,59
"2023-05-01 12:10:00";58,4
"2023-05-01 12:11:00";58,23
"2023-05-01 12:12:00";58,06
"2023-05-01 12:13:00";57,89
"2023-05-01 12:14:00";57,7
"2023-05-01 12:15:00";57,51
"2023-05-01 12:16:00";57,33
"2023-05-01 12:17:00";57,33
"2023-05-01 12:18:00";57,14
"2023-05-01 12:19:00";56,95
"2023-05-01 12:20:00";56,76
"2023-05-01 12:21:00";56,55
"2023-05-01 12:22:00";56,33
"2023-05-01 12:23:00";56,13
"2023-05-01 12:24:00";55,9
"2023-05-01 12:25:00";55,57
"2023-05-01 12:26:00";55,39
"2023-05-01 12:27:00";55,15
"2023-05-01 12:28:00";54,93
"2023-05-01 12:29:00";54,72
"2023-05-01 12:30:00";54,49
"2023-05-01 12:31:00";54,26
"2023-05-01 12:32:00";54,03
"2023-05-01 12:33:00";53,81
"2023-05-01 12:34:00";53,57
"2023-05-01 12:35:00";53,36
"2023-05-01 12:36:00";53,11
"2023-05-01 12:37:00";52,89
"2023-05-01 12:38:00";52,65
"2023-05-01 12:39:00";52,41
"2023-05-01 12:40:00";52,19
"2023-05-01 12:41:00";51,95
"2023-05-01 12:42:00";51,73
"2023-05-01 12:43:00";51,5
"2023-05-01 12:44:00";51,29
"2023-05-01 12:45:00";51,04
"2023-05-01 12:46:00";50,85
"2023-05-01 12:47:00";50,56
"2023-05-01 12:48:00";50,29
"2023-05-01 12:49:00";49,97
"2023-05-01 12:50:00";49,67
"2023-05-01 12:51:00";49,33
"2023-05-01 12:52:00";49,05
"2023-05-01 12:53:00";48,78
"2023-05-01 12:54:00";48,51
"2023-05-01 12:55:00";48,21
"2023-05-01 12:56:00";47,89
"2023-05-01 12:57:00";47,6
"2023-05-01 12:58:00";47,32
"2023-05-01 12:59:00";47,03
"2023-05-01 13:00:00";46,77
"2023-05-01 13:01:00";46,51
"2023-05-01 13:02:00";46,26
"2023-05-01 13:03:00";46,02
"2023-05-01 13:04:00";45,79
"2023-05-01 13:05:00";45,53
"2023-05-01 13:06:00";45,31
"2023-05-01 13:07:00";45,09
"2023-05-01 13:08:00";44,88
"2023-05-01 13:09:00";44,72
"2023-05-01 13:10:00";44,51
"2023-05-01 13:11:00";44,39
"2023-05-01 13:12:00";44,26
"2023-05-01 13:13:00";44,06
"2023-05-01 13:14:00";43,95
"2023-05-01 13:15:00";43,81
"2023-05-01 13:16:00";43,54
"2023-05-01 13:17:00";42,45
"2023-05-01 13:18:00";44,81
"2023-05-01 13:19:00";74,46
"2023-05-01 13:20:00";87,86
"2023-05-01 13:21:00";88,33
"2023-05-01 13:22:00";80,67
"2023-05-01 13:23:00";70,9
"2023-05-01 13:24:00";65,65
"2023-05-01 13:25:00";63,88
"2023-05-01 13:26:00";60,71
"2023-05-01 13:27:00";59,88
"2023-05-01 13:28:00";60,95
"2023-05-01 13:29:00";62,44
"2023-05-01 13:30:00";62,14
"2023-05-01 13:31:00";61,16
"2023-05-01 13:32:00";60,15
"2023-05-01 13:33:00";58,68
"2023-05-01 13:34:00";57,71
"2023-05-01 13:35:00";57,03
"2023-05-01 13:36:00";56,25
"2023-05-01 13:37:00";55,7
"2023-05-01 13:38:00";55,78
"2023-05-01 13:39:00";55,91
"2023-05-01 13:40:00";56,1
"2023-05-01 13:41:00";56,71
"2023-05-01 13:42:00";55,86
"2023-05-01 13:43:00";55,64
"2023-05-01 13:44:00";55,38
"2023-05-01 13:45:00";56,46
"2023-05-01 13:46:00";55,8
"2023-05-01 13:47:00";57,12
"2023-05-01 13:48:00";58,5
"2023-05-01 13:49:00";60,02
"2023-05-01 13:50:00";61,39
"2023-05-01 13:51:00";60,99
"2023-05-01 13:52:00";61,48
"2023-05-01 13:53:00";62,24
"2023-05-01 13:54:00";61,47
"2023-05-01 13:55:00";59,76
"2023-05-01 13:56:00";58,65
"2023-05-01 13:57:00";58,8
"2023-05-01 13:58:00";58,29
"2023-05-01 13:59:00";67,63
"2023-05-01 14:00:00";66,58
"2023-05-01 14:01:00";65,02
"2023-05-01 14:02:00";65,23
"2023-05-01 14:03:00";65,42
"2023-05-01 14:04:00";66,62
"2023-05-01 14:05:00";62,87
"2023-05-01 14:06:00";62,55
"2023-05-01 14:07:00";62,49
"2023-05-01 14:08:00";61,67
"2023-05-01 14:09:00";63,1
"2023-05-01 14:10:00";62,73
"2023-05-01 14:11:00";61,14
"2023-05-01 14:12:00";61,67
"2023-05-01 14:13:00";63,44
"2023-05-01 14:14:00";65,11
"2023-05-01 14:15:00";67,55
"2023-05-01 14:16:00";67,55
"2023-05-01 14:17:00";63,48
"2023-05-01 14:18:00";64,05
"2023-05-01 14:19:00";65,84
"2023-05-01 14:20:00";67,34
"2023-05-01 14:21:00";68,55
"2023-05-01 14:22:00";66,51
"2023-05-01 14:23:00";60,28
"2023-05-01 14:24:00";59,68
"2023-05-01 14:25:00";59,68
"2023-05-01 14:26:00";61,03
"2023-05-01 14:27:00";66,1
"2023-05-01 14:28:00";67,06
"2023-05-01 14:29:00";66,87
"2023-05-01 14:30:00";62,55
"2023-05-01 14:31:00";61,93
"2023-05-01 14:32:00";63,17
"2023-05-01 14:33:00";64,01
"2023-05-01 14:34:00";64,01
"2023-05-01 14:35:00";66,99
"2023-05-01 14:36:00";65,67
"2023-05-01 14:37:00";65,67
"2023-05-01 14:38:00";63,83
"2023-05-01 14:39:00";64,37
"2023-05-01 14:40:00";64,61
"2023-05-01 14:41:00";65,87
"2023-05-01 14:42:00";67,82
"2023-05-01 14:43:00";67,82
"2023-05-01 14:44:00";69,89
"2023-05-01 14:45:00";69,89
"2023-05-01 14:46:00";70,73
"2023-05-01 14:47:00";71,55
"2023-05-01 14:48:00";72,2
"2023-05-01 14:49:00";72,62
"2023-05-01 14:50:00";73,07
"2023-05-01 14:51:00";73,07
"2023-05-01 14:52:00";73,18
"2023-05-01 14:53:00";71,2
"2023-05-01 14:54:00";71,2
"2023-05-01 14:55:00";62,63
"2023-05-01 14:56:00";62,63
"2023-05-01 14:57:00";61,18
"2023-05-01 14:58:00";61,58
"2023-05-01 14:59:00";65
"2023-05-01 15:00:00";65
"2023-05-01 15:01:00";69,44
"2023-05-01 15:02:00";70,14
"2023-05-01 15:03:00";70,14
"2023-05-01 15:04:00";71,89
"2023-05-01 15:05:00";71,89
"2023-05-01 15:06:00";72,42
"2023-05-01 15:07:00";73,49
"2023-05-01 15:08:00";70,72
"2023-05-01 15:09:00";70,72
"2023-05-01 15:10:00";63,02
"2023-05-01 15:11:00";64,26
"2023-05-01 15:12:00";64,26
"2023-05-01 15:13:00";64,9
"2023-05-01 15:14:00";65,63
"2023-05-01 15:15:00";67,81
"2023-05-01 15:16:00";64,14
"2023-05-01 15:17:00";65,82
"2023-05-01 15:18:00";65,82
"2023-05-01 15:19:00";67,02
"2023-05-01 15:20:00";66,42
"2023-05-01 15:21:00";68,36
"2023-05-01 15:22:00";63,46
"2023-05-01 15:23:00";61,7
"2023-05-01 15:24:00";59,18
"2023-05-01 15:25:00";62,42
"2023-05-01 15:26:00";63,42
"2023-05-01 15:27:00";63,42
"2023-05-01 15:28:00";63,62
"2023-05-01 15:29:00";68,58
"2023-05-01 15:30:00";68,37
"2023-05-01 15:31:00";64,74
"2023-05-01 15:32:00";66,61
"2023-05-01 15:33:00";66,95
"2023-05-01 15:34:00";68,79
"2023-05-01 15:35:00";70,32
"2023-05-01 15:36:00";70,32
"2023-05-01 15:37:00";70,73
"2023-05-01 15:38:00";71,54
"2023-05-01 15:39:00";71,83
"2023-05-01 15:40:00";72,07
"2023-05-01 15:41:00";72,41
"2023-05-01 15:42:00";72,76
"2023-05-01 15:43:00";72,96
"2023-05-01 15:44:00";73,12
"2023-05-01 15:45:00";73,12
"2023-05-01 15:46:00";73,22
"2023-05-01 15:47:00";73,52
"2023-05-01 15:48:00";73,7
"2023-05-01 15:49:00";73,8
"2023-05-01 15:50:00";73,86
"2023-05-01 15:51:00";73,88
"2023-05-01 15:52:00";74,13
"2023-05-01 15:53:00";74,27
"2023-05-01 15:54:00";74,27
"2023-05-01 15:55:00";74,42
"2023-05-01 15:56:00";73,35
"2023-05-01 15:57:00";73,74
"2023-05-01 15:58:00";74,02
"2023-05-01 15:59:00";74,16
"2023-05-01 16:00:00";74,37
"2023-05-01 16:01:00";74,47
"2023-05-01 16:02:00";74,64
"2023-05-01 16:03:00";74,64
"2023-05-01 16:04:00";74,68
"2023-05-01 16:05:00";74,79
"2023-05-01 16:06:00";74,82
"2023-05-01 16:07:00";74,81
"2023-05-01 16:08:00";74,77
"2023-05-01 16:09:00";74,51
"2023-05-01 16:10:00";74,77
"2023-05-01 16:11:00";74,78
"2023-05-01 16:12:00";74,78
"2023-05-01 16:13:00";74,97
"2023-05-01 16:14:00";75
"2023-05-01 16:15:00";75,12
"2023-05-01 16:16:00";75,16
"2023-05-01 16:17:00";75,22
"2023-05-01 16:18:00";75,11
"2023-05-01 16:19:00";75,32
"2023-05-01 16:20:00";75,35
"2023-05-01 16:21:00";75,35
"2023-05-01 16:22:00";75,37
"2023-05-01 16:23:00";75,42
"2023-05-01 16:24:00";75,46
"2023-05-01 16:25:00";75,34
"2023-05-01 16:26:00";74,62
"2023-05-01 16:27:00";74,44
"2023-05-01 16:28:00";74,99
"2023-05-01 16:29:00";74,8
"2023-05-01 16:30:00";74,8
"2023-05-01 16:31:00";75,01
"2023-05-01 16:32:00";75,11
"2023-05-01 16:33:00";75,15
"2023-05-01 16:34:00";73,69
"2023-05-01 16:35:00";70,44
"2023-05-01 16:36:00";65,91
"2023-05-01 16:37:00";68,26
"2023-05-01 16:38:00";69,52
"2023-05-01 16:39:00";70,52
"2023-05-01 16:40:00";71,53
"2023-05-01 16:41:00";72,4
"2023-05-01 16:42:00";73,12
"2023-05-01 16:43:00";73,6
"2023-05-01 16:44:00";73,08
"2023-05-01 16:45:00";73,04
"2023-05-01 16:46:00";73,03
"2023-05-01 16:47:00";72,83
"2023-05-01 16:48:00";72,94
"2023-05-01 16:49:00";72,9
"2023-05-01 16:50:00";73,07
"2023-05-01 16:51:00";73,93
"2023-05-01 16:52:00";72,68
"2023-05-01 16:53:00";74,91
"2023-05-01 16:54:00";76,54
"2023-05-01 16:55:00";77,14
"2023-05-01 16:56:00";77,65
"2023-05-01 16:57:00";78,06
"2023-05-01 16:58:00";61,7
"2023-05-01 16:59:00";61,98
"2023-05-01 17:00:00";61,85
"2023-05-01 17:01:00";61,87
"2023-05-01 17:02:00";61,76
"2023-05-01 17:03:00";61,67
"2023-05-01 17:04:00";61,51
"2023-05-01 17:05:00";61,38
"2023-05-01 17:06:00";61,21
"2023-05-01 17:07:00";61,1
"2023-05-01 17:08:00";61,01
"2023-05-01 17:09:00";60,87
"2023-05-01 17:10:00";60,71
"2023-05-01 17:11:00";60,53
"2023-05-01 17:12:00";60,35
"2023-05-01 17:13:00";60,17
"2023-05-01 17:14:00";59,85
"2023-05-01 17:15:00";59,67
"2023-05-01 17:16:00";59,47
"2023-05-01 17:17:00";59,31
"2023-05-01 17:18:00";59,09
"2023-05-01 17:19:00";58,88
"2023-05-01 17:20:00";58,69
"2023-05-01 17:21:00";58,48
"2023-05-01 17:22:00";58,28
"2023-05-01 17:23:00";58,07
"2023-05-01 17:24:00";57,86
"2023-05-01 17:25:00";57,64
"2023-05-01 17:26:00";57,42
"2023-05-01 17:27:00";57,17
"2023-05-01 17:28:00";56,95
"2023-05-01 17:29:00";56,74
"2023-05-01 17:30:00";56,45
"2023-05-01 17:31:00";56,23
"2023-05-01 17:32:00";55,98
"2023-05-01 17:33:00";55,74
"2023-05-01 17:34:00";55,52
"2023-05-01 17:35:00";55,31
"2023-05-01 17:36:00";55,03
"2023-05-01 17:37:00";54,81
"2023-05-01 17:38:00";54,58
"2023-05-01 17:39:00";54,36
"2023-05-01 17:40:00";54,14
"2023-05-01 17:41:00";53,92
"2023-05-01 17:42:00";53,7
"2023-05-01 17:43:00";53,51
"2023-05-01 17:44:00";53,32
"2023-05-01 17:45:00";53,09
"2023-05-01 17:46:00";52,94
"2023-05-01 17:47:00";52,73
"2023-05-01 17:48:00";52,62
"2023-05-01 17:49:00";52,32
"2023-05-01 17:50:00";52,15
"2023-05-01 17:51:00";51,96
"2023-05-01 17:52:00";51,78
"2023-05-01 17:53:00";51,78
"2023-05-01 17:54:00";51,59
"2023-05-01 17:55:00";51,4
"2023-05-01 17:56:00";51,21
"2023-05-01 17:57:00";51,04
"2023-05-01 17:58:00";50,86
"2023-05-01 17:59:00";50,69
"2023-05-01 18:00:00";50,51
"2023-05-01 18:01:00";50,34
"2023-05-01 18:02:00";50,17
"2023-05-01 18:03:00";50,01
"2023-05-01 18:04:00";49,83
"2023-05-01 18:05:00";49,68
"2023-05-01 18:06:00";49,51
"2023-05-01 18:07:00";49,35
"2023-05-01 18:08:00";49,19
"2023-05-01 18:09:00";49,19
"2023-05-01 18:10:00";49,04
"2023-05-01 18:11:00";48,88
"2023-05-01 18:12:00";48,72
"2023-05-01 18:13:00";48,57
"2023-05-01 18:14:00";48,57
"2023-05-01 18:15:00";48,26
"2023-05-01 18:16:00";48,11
"2023-05-01 18:17:00";47,97
"2023-05-01 18:18:00";47,82
"2023-05-01 18:19:00";47,66
"2023-05-01 18:20:00";47,52
"2023-05-01 18:21:00";47,38
"2023-05-01 18:22:00";47,24
"2023-05-01 18:23:00";47,09
"2023-05-01 18:24:00";46,95
"2023-05-01 18:25:00";46,81
"2023-05-01 18:26:00";46,81
"2023-05-01 18:27:00";46,68
"2023-05-01 18:28:00";46,68
"2023-05-01 18:29:00";46,4
"2023-05-01 18:30:00";46,26
"2023-05-01 18:31:00";46,13
"2023-05-01 18:32:00";46
"2023-05-01 18:33:00";45,87
"2023-05-01 18:34:00";45,73
"2023-05-01 18:35:00";45,6
"2023-05-01 18:36:00";45,48
"2023-05-01 18:37:00";45,48
"2023-05-01 18:38:00";45,21
"2023-05-01 18:39:00";45,08
"2023-05-01 18:40:00";44,96
"2023-05-01 18:41:00";44,84
"2023-05-01 18:42:00";44,84
"2023-05-01 18:43:00";44,71
"2023-05-01 18:44:00";44,59
"2023-05-01 18:45:00";44,46
"2023-05-01 18:46:00";44,46
"2023-05-01 18:47:00";44,23
"2023-05-01 18:48:00";44,1
"2023-05-01 18:49:00";43,98
"2023-05-01 18:50:00";43,86
"2023-05-01 18:51:00";43,74
"2023-05-01 18:52:00";43,61
"2023-05-01 18:53:00";43,49
"2023-05-01 18:54:00";43,37
"2023-05-01 18:55:00";43,37
"2023-05-01 18:56:00";43,14
"2023-05-01 18:57:00";43,02
"2023-05-01 18:58:00";43,02
"2023-05-01 18:59:00";42,9
"2023-05-01 19:00:00";42,79
"2023-05-01 19:01:00";42,67
"2023-05-01 19:02:00";42,54
"2023-05-01 19:03:00";42,44
"2023-05-01 19:04:00";42,44
"2023-05-01 19:05:00";42,22
"2023-05-01 19:06:00";42,11
"2023-05-01 19:07:00";42,01
"2023-05-01 19:08:00";41,89
"2023-05-01 19:09:00";41,79
"2023-05-01 19:10:00";41,69
"2023-05-01 19:11:00";41,58
"2023-05-01 19:12:00";41,58
"2023-05-01 19:13:00";41,47
"2023-05-01 19:14:00";41,27
"2023-05-01 19:15:00";41,27
"2023-05-01 19:16:00";41,17
"2023-05-01 19:17:00";41,06
"2023-05-01 19:18:00";40,97
"2023-05-01 19:19:00";40,86
"2023-05-01 19:20:00";40,77
"2023-05-01 19:21:00";40,77
"2023-05-01 19:22:00";40,68
"2023-05-01 19:23:00";40,48
"2023-05-01 19:24:00";40,39
"2023-05-01 19:25:00";40,29
"2023-05-01 19:26:00";40,19
"2023-05-01 19:27:00";40,11
"2023-05-01 19:28:00";40,01
"2023-05-01 19:29:00";39,92
"2023-05-01 19:30:00";39,92
"2023-05-01 19:31:00";39,82
"2023-05-01 19:32:00";39,73
"2023-05-01 19:33:00";39,64
"2023-05-01 19:34:00";39,54
"2023-05-01 19:35:00";39,45
"2023-05-01 19:36:00";39,37
"2023-05-01 19:37:00";39,29
"2023-05-01 19:38:00";39,19
"2023-05-01 19:39:00";39,19
"2023-05-01 19:40:00";39,09
"2023-05-01 19:41:00";38,92
"2023-05-01 19:42:00";38,83
"2023-05-01 19:43:00";38,74
"2023-05-01 19:44:00";38,66
"2023-05-01 19:45:00";38,58
"2023-05-01 19:46:00";38,49
"2023-05-01 19:47:00";38,4
"2023-05-01 19:48:00";38,4
"2023-05-01 19:49:00";38,4
"2023-05-01 19:50:00";38,33
"2023-05-01 19:51:00";38,17
"2023-05-01 19:52:00";38,08
"2023-05-01 19:53:00";38
"2023-05-01 19:54:00";37,91
"2023-05-01 19:55:00";37,83
"2023-05-01 19:56:00";37,75
"2023-05-01 19:57:00";37,75
"2023-05-01 19:58:00";37,68
"2023-05-01 19:59:00";37,6
"2023-05-01 20:00:00";37,45
"2023-05-01 20:01:00";37,37
"2023-05-01 20:02:00";37,29
"2023-05-01 20:03:00";37,21
"2023-05-01 20:04:00";37,21
"2023-05-01 20:05:00";37,13
"2023-05-01 20:06:00";37,13
"2023-05-01 20:07:00";37,05
"2023-05-01 20:08:00";36,99
"2023-05-01 20:09:00";36,84
"2023-05-01 20:10:00";36,76
"2023-05-01 20:11:00";36,7
"2023-05-01 20:12:00";36,62
"2023-05-01 20:13:00";36,55
"2023-05-01 20:14:00";36,48
"2023-05-01 20:15:00";36,48
"2023-05-01 20:16:00";36,4
"2023-05-01 20:17:00";36,34
"2023-05-01 20:18:00";36,2
"2023-05-01 20:19:00";36,13
"2023-05-01 20:20:00";36,07
"2023-05-01 20:21:00";36,07
"2023-05-01 20:22:00";35,99
"2023-05-01 20:23:00";35,92
"2023-05-01 20:24:00";35,92
"2023-05-01 20:25:00";35,86
"2023-05-01 20:26:00";35,78
"2023-05-01 20:27:00";35,66
"2023-05-01 20:28:00";35,59
"2023-05-01 20:29:00";35,53
"2023-05-01 20:30:00";35,46
"2023-05-01 20:31:00";35,4
"2023-05-01 20:32:00";35,34
"2023-05-01 20:33:00";35,34
"2023-05-01 20:34:00";35,28
"2023-05-01 20:35:00";35,22
"2023-05-01 20:36:00";35,1
"2023-05-01 20:37:00";35,1
"2023-05-01 20:38:00";35,03
"2023-05-01 20:39:00";34,97
"2023-05-01 20:40:00";34,92
"2023-05-01 20:41:00";34,85
"2023-05-01 20:42:00";34,85
"2023-05-01 20:43:00";34,79
"2023-05-01 20:44:00";34,73
"2023-05-01 20:45:00";34,61
"2023-05-01 20:46:00";34,56
"2023-05-01 20:47:00";34,49
"2023-05-01 20:48:00";34,44
"2023-05-01 20:49:00";34,38
"2023-05-01 20:50:00";34,33
"2023-05-01 20:51:00";34,33
"2023-05-01 20:52:00";34,27
"2023-05-01 20:53:00";34,21
"2023-05-01 20:54:00";34,15
"2023-05-01 20:55:00";34,09
"2023-05-01 20:56:00";34,04
"2023-05-01 20:57:00";33,98
"2023-05-01 20:58:00";33,92
"2023-05-01 20:59:00";33,92
"2023-05-01 21:00:00";33,86
"2023-05-01 21:01:00";33,82
"2023-05-01 21:02:00";33,75
"2023-05-01 21:03:00";33,64
"2023-05-01 21:04:00";33,6
"2023-05-01 21:05:00";33,54
"2023-05-01 21:06:00";33,47
"2023-05-01 21:07:00";33,42
"2023-05-01 21:08:00";33,42
"2023-05-01 21:09:00";33,39
"2023-05-01 21:10:00";33,33
"2023-05-01 21:11:00";33,33
"2023-05-01 21:12:00";33,22
"2023-05-01 21:13:00";33,17
"2023-05-01 21:14:00";33,11
"2023-05-01 21:15:00";33,07
"2023-05-01 21:16:00";33,02
"2023-05-01 21:17:00";33,02
"2023-05-01 21:18:00";32,97
"2023-05-01 21:19:00";32,92
"2023-05-01 21:20:00";32,87
"2023-05-01 21:21:00";32,78
"2023-05-01 21:22:00";32,72
"2023-05-01 21:23:00";32,68
"2023-05-01 21:24:00";32,64
"2023-05-01 21:25:00";32,59
"2023-05-01 21:26:00";32,59
"2023-05-01 21:27:00";32,59
"2023-05-01 21:28:00";32,54
"2023-05-01 21:29:00";32,5
"2023-05-01 21:30:00";32,41
"2023-05-01 21:31:00";32,37
"2023-05-01 21:32:00";32,32
"2023-05-01 21:33:00";32,28
"2023-05-01 21:34:00";32,23
"2023-05-01 21:35:00";32,23
"2023-05-01 21:36:00";32,19
"2023-05-01 21:37:00";32,16
"2023-05-01 21:38:00";32,1
"2023-05-01 21:39:00";32,03
"2023-05-01 21:40:00";31,99
"2023-05-01 21:41:00";31,94
"2023-05-01 21:42:00";31,91
"2023-05-01 21:43:00";31,91
"2023-05-01 21:44:00";31,91
"2023-05-01 21:45:00";31,85
"2023-05-01 21:46:00";31,81
"2023-05-01 21:47:00";31,78
"2023-05-01 21:48:00";31,73
"2023-05-01 21:49:00";31,67
"2023-05-01 21:50:00";31,61
"2023-05-01 21:51:00";31,58
"2023-05-01 21:52:00";31,54
"2023-05-01 21:53:00";31,54
"2023-05-01 21:54:00";31,5
"2023-05-01 21:55:00";31,46
"2023-05-01 21:56:00";31,42
"2023-05-01 21:57:00";31,35
"2023-05-01 21:58:00";31,32
"2023-05-01 21:59:00";31,32
"2023-05-01 22:00:00";31,28
"2023-05-01 22:01:00";31,25
"2023-05-01 22:02:00";31,25
"2023-05-01 22:03:00";31,22
"2023-05-01 22:04:00";31,17
"2023-05-01 22:05:00";31,15
"2023-05-01 22:06:00";31,11
"2023-05-01 22:07:00";31,04
"2023-05-01 22:08:00";31,01
"2023-05-01 22:09:00";30,98
"2023-05-01 22:10:00";30,94
"2023-05-01 22:11:00";30,94
"2023-05-01 22:12:00";30,92
"2023-05-01 22:13:00";30,89
"2023-05-01 22:14:00";30,86
"2023-05-01 22:15:00";30,82
"2023-05-01 22:16:00";30,78
"2023-05-01 22:17:00";30,76
"2023-05-01 22:18:00";30,72
"2023-05-01 22:19:00";30,69
"2023-05-01 22:20:00";30,69
"2023-05-01 22:21:00";30,66
"2023-05-01 22:22:00";30,64
"2023-05-01 22:23:00";30,6
"2023-05-01 22:24:00";30,57
"2023-05-01 22:25:00";30,51
"2023-05-01 22:26:00";30,48
"2023-05-01 22:27:00";30,46
"2023-05-01 22:28:00";30,42
"2023-05-01 22:29:00";30,42
"2023-05-01 22:30:00";30,41
"2023-05-01 22:31:00";30,37
"2023-05-01 22:32:00";30,34
"2023-05-01 22:33:00";30,34
"2023-05-01 22:34:00";30,29
"2023-05-01 22:35:00";30,26
"2023-05-01 22:36:00";30,23
"2023-05-01 22:37:00";30,2
"2023-05-01 22:38:00";30,2
"2023-05-01 22:39:00";30,19
"2023-05-01 22:40:00";30,16
"2023-05-01 22:41:00";30,13
"2023-05-01 22:42:00";30,1
"2023-05-01 22:43:00";30,04
"2023-05-01 22:44:00";30,02
"2023-05-01 22:45:00";29,99
"2023-05-01 22:46:00";29,96
"2023-05-01 22:47:00";29,96
"2023-05-01 22:48:00";29,94
"2023-05-01 22:49:00";29,94
"2023-05-01 22:50:00";29,91
"2023-05-01 22:51:00";29,88
"2023-05-01 22:52:00";29,82
"2023-05-01 22:53:00";29,79
"2023-05-01 22:54:00";29,77
"2023-05-01 22:55:00";29,74
"2023-05-01 22:56:00";29,74
"2023-05-01 22:57:00";29,72
"2023-05-01 22:58:00";29,69
"2023-05-01 22:59:00";29,66
"2023-05-01 23:00:00";29,63
"2023-05-01 23:01:00";29,59
"2023-05-01 23:02:00";29,56
"2023-05-01 23:03:00";29,53
"2023-05-01 23:04:00";29,5
"2023-05-01 23:05:00";29,5
"2023-05-01 23:06:00";29,5
"2023-05-01 23:07:00";29,48
"2023-05-01 23:08:00";29,45
"2023-05-01 23:09:00";29,42
"2023-05-01 23:10:00";29,36
"2023-05-01 23:11:00";29,34
"2023-05-01 23:12:00";29,32
"2023-05-01 23:13:00";29,29
"2023-05-01 23:14:00";29,29
"2023-05-01 23:15:00";29,26
"2023-05-01 23:16:00";29,24
"2023-05-01 23:17:00";29,22
"2023-05-01 23:18:00";29,2
"2023-05-01 23:19:00";29,17
"2023-05-01 23:20:00";29,11
"2023-05-01 23:21:00";29,11
"2023-05-01 23:22:00";29,09
"2023-05-01 23:23:00";29,09
"2023-05-01 23:24:00";29,08
"2023-05-01 23:25:00";29,05
"2023-05-01 23:26:00";29,03
"2023-05-01 23:27:00";29,01
"2023-05-01 23:28:00";28,98
"2023-05-01 23:29:00";28,93
"2023-05-01 23:30:00";28,91
"2023-05-01 23:31:00";28,89
"2023-05-01 23:32:00";28,89
"2023-05-01 23:33:00";28,88
"2023-05-01 23:34:00";28,86
"2023-05-01 23:35:00";28,83
"2023-05-01 23:36:00";28,81
"2023-05-01 23:37:00";28,78
"2023-05-01 23:38:00";28,76
"2023-05-01 23:39:00";28,74
"2023-05-01 23:40:00";28,72
"2023-05-01 23:41:00";28,72
"2023-05-01 23:42:00";28,7
"2023-05-01 23:43:00";28,68
"2023-05-01 23:44:00";28,67
"2023-05-01 23:45:00";28,64
"2023-05-01 23:46:00";28,62
"2023-05-01 23:47:00";28,57
"2023-05-01 23:48:00";28,55
"2023-05-01 23:49:00";28,53
"2023-05-01 23:50:00";28,53
"2023-05-01 23:51:00";28,51
"2023-05-01 23:52:00";28,5
"2023-05-01 23:53:00";28,47
"2023-05-01 23:54:00";28,44
"2023-05-01 23:55:00";28,44
"2023-05-01 23:56:00";28,39
"2023-05-01 23:57:00";28,36
"2023-05-01 23:58:00";28,35
"2023-05-01 23:59:00";28,35